video_name,frame,fingertip,tip2dip,tip2pip,tip2mcp,tip2wrist,velocity_size,velocity_disp,distance_cm,is_hovering,video_index
Chopin - Marche Funèbre (Funeral March).mp4,100,index,6.4031242374328485,19.313207915827967,50.08991914547278,120.01666550941998,48.9557292020384,0.0,177.53125,True,0
Chopin - Marche Funèbre (Funeral March).mp4,101,index,6.708203932499369,17.204650534085253,46.52956049652737,119.20570456148481,48.1838795415938,3.0,177.53125,True,0
Chopin - Marche Funèbre (Funeral March).mp4,102,index,7.615773105863909,17.69180601295413,45.35416188179427,119.26860441876563,47.950115146010695,3.9436506316151,177.53125,True,0
Chopin - Marche Funèbre (Funeral March).mp4,103,index,7.280109889280518,17.69180601295413,42.44997055358225,119.20570456148481,47.62681079808938,4.538876803795515,177.53125,True,0
Chopin - Marche Funèbre (Funeral March).mp4,104,index,6.0,14.422205101855956,40.024992192379,116.21101496846157,46.93435925160633,4.479629580460268,177.53125,True,0
Chopin - Marche Funèbre (Funeral March).mp4,105,index,8.06225774829855,19.4164878389476,47.51841748206689,124.14507642270796,47.409559355172824,4.630552118239308,177.53125,True,0
Chopin - Marche Funèbre (Funeral March).mp4,106,index,8.54400374531753,19.849433241279208,47.853944456021594,124.19742348374221,47.79550819466101,4.397616101347978,177.53125,True,0
Chopin - Marche Funèbre (Funeral March).mp4,107,index,8.94427190999916,20.615528128088304,49.8196748283246,125.19584657647394,48.21404846541857,3.972914088679481,177.53125,True,0
Chopin - Marche Funèbre (Funeral March).mp4,108,index,10.295630140987,22.67156809750927,50.44799302251776,128.3160161476345,48.73835439727897,3.7537014121595385,177.53125,True,0
Chopin - Marche Funèbre (Funeral March).mp4,109,index,9.486832980505138,21.2602916254693,48.76474136094644,125.4830665866913,48.989392271391374,3.8255448664435425,177.53125,True,0
Chopin - Marche Funèbre (Funeral March).mp4,110,index,10.44030650891055,22.02271554554524,49.040799340956916,125.67418191498204,49.24440214013749,3.606332929709865,177.53125,True,0
Chopin - Marche Funèbre (Funeral March).mp4,111,index,10.44030650891055,22.20360331117452,50.28916384272063,126.77539193392383,49.50962832839124,3.4236563157651343,177.53125,True,0
Chopin - Marche Funèbre (Funeral March).mp4,112,index,10.04987562112089,21.633307652783937,49.64876634922564,125.78155667664477,49.68414742427989,3.3141442914755084,177.53125,True,0
Chopin - Marche Funèbre (Funeral March).mp4,113,index,10.04987562112089,21.633307652783937,49.64876634922564,125.89678312014172,49.83579283581833,3.0774196992272578,177.53125,True,0
Chopin - Marche Funèbre (Funeral March).mp4,114,index,10.198039027185569,21.633307652783937,50.92150822589606,127.01181047445942,50.009484403102526,2.9389250526121073,177.53125,True,0
Chopin - Marche Funèbre (Funeral March).mp4,115,index,10.770329614269007,24.08318915758459,53.45091205957107,129.86916493148019,50.292854061704006,2.894996485417588,177.53125,True,0
Chopin - Marche Funèbre (Funeral March).mp4,116,index,10.770329614269007,23.430749027719962,52.49761899362675,128.87590930814028,50.50466568960018,2.8423496333342,177.53125,True,0
Chopin - Marche Funèbre (Funeral March).mp4,117,index,11.40175425099138,23.430749027719962,52.81098370604357,128.1327436684316,50.695743021472204,2.7630087405030275,177.53125,True,0
Chopin - Marche Funèbre (Funeral March).mp4,118,index,11.40175425099138,24.20743687382041,52.81098370604357,128.1327436684316,50.87692652691165,2.670218806792342,177.53125,True,0
Chopin - Marche Funèbre (Funeral March).mp4,119,index,11.40175425099138,22.80350850198276,52.81098370604357,127.27922061357856,51.01177353897352,2.5867078664527248,177.53125,True,0
Chopin - Marche Funèbre (Funeral March).mp4,120,index,10.770329614269007,23.430749027719962,53.75872022286245,128.2692480682724,51.15679678632149,2.4635313013835476,177.53125,True,0
Chopin - Marche Funèbre (Funeral March).mp4,121,index,10.44030650891055,22.80350850198276,52.81098370604357,127.1416532848303,51.25417479605424,2.4424616967752044,177.53125,True,0
Chopin - Marche Funèbre (Funeral March).mp4,122,index,11.180339887498949,23.021728866442675,52.20153254455275,126.28935030318273,51.337612322330976,2.433488056806708,177.53125,True,0
Chopin - Marche Funèbre (Funeral March).mp4,123,index,11.180339887498949,23.600847442411894,53.14132102234569,127.4244874425634,51.44174301509656,2.3910182862053073,177.53125,True,0
Chopin - Marche Funèbre (Funeral March).mp4,124,index,10.04987562112089,21.95449840010015,50.59644256269407,126.28935030318273,51.472974963363676,2.4218686611638303,177.53125,True,0
Chopin - Marche Funèbre (Funeral March).mp4,125,index,10.63014581273465,24.413111231467404,53.36665625650534,131.54847015454038,51.71432962983462,2.7992279064460943,177.53125,True,0
Chopin - Marche Funèbre (Funeral March).mp4,126,index,13.892443989449804,32.69556544854363,66.94027188471824,144.00694427700353,52.3932006905858,3.0928944690111475,177.53125,True,0
Chopin - Marche Funèbre (Funeral March).mp4,127,index,13.892443989449804,32.69556544854363,67.91170738539859,145.0,53.08889440462595,2.8596563932173353,177.53125,True,0
Chopin - Marche Funèbre (Funeral March).mp4,128,index,13.892443989449804,32.31098884280702,65.5133574166368,143.8923208513922,53.77870960545579,2.696116899503857,177.53125,True,0
Chopin - Marche Funèbre (Funeral March).mp4,129,index,15.264337522473747,32.69556544854363,66.70832032063167,144.00694427700353,54.598879158515345,2.566411272019086,177.53125,True,0
Chopin - Marche Funèbre (Funeral March).mp4,130,index,13.892443989449804,32.31098884280702,66.49060083951716,144.88616221019868,55.18325872241487,2.391004679733706,177.53125,True,0
Chopin - Marche Funèbre (Funeral March).mp4,131,index,14.866068747318506,33.24154027718932,67.7421582177598,146.4923206178399,55.802231551752335,2.486411272019086,177.53125,True,0
Chopin - Marche Funèbre (Funeral March).mp4,132,index,13.416407864998739,31.622776601683793,65.92419889539804,144.6789549312546,56.31290172025683,2.566411272019086,177.53125,True,0
Chopin - Marche Funèbre (Funeral March).mp4,133,index,13.892443989449804,31.38470965295043,65.5133574166368,144.12841496387864,56.7447789063995,2.606411272019086,177.53125,True,0
Chopin - Marche Funèbre (Funeral March).mp4,134,index,13.416407864998739,32.31098884280702,64.76109943476871,144.25671561490648,57.2422816984382,2.4675258338191024,177.53125,True,0
Chopin - Marche Funèbre (Funeral March).mp4,135,index,12.529964086141668,29.546573405388315,60.166435825965294,140.57738082636197,57.59870520677281,2.450957291324179,177.53125,True,0
Chopin - Marche Funèbre (Funeral March).mp4,136,index,11.180339887498949,27.85677655436824,58.9406481131655,137.46272221951665,57.85602541855101,2.538610799847815,177.53125,True,0
Chopin - Marche Funèbre (Funeral March).mp4,137,index,7.810249675906654,20.615528128088304,47.92702786528704,120.83873551142449,57.756805767360326,2.8762230602042367,177.53125,True,0
Chopin - Marche Funèbre (Funeral March).mp4,138,index,4.242640687119285,14.212670403551895,39.21734310225516,110.47624178980746,57.36600739975494,3.0762230602042364,177.53125,True,0
Chopin - Marche Funèbre (Funeral March).mp4,139,index,4.47213595499958,11.40175425099138,35.05709628591621,113.01769772916099,56.907847588162376,3.2892052730177066,177.53125,True,0
Chopin - Marche Funèbre (Funeral March).mp4,140,index,8.602325267042627,14.0,28.160255680657446,106.00471687618433,56.29378460877218,3.568544332209431,177.53125,True,0
Chopin - Marche Funèbre (Funeral March).mp4,141,index,8.246211251235321,13.892443989449804,39.20459156782532,114.0175425099138,55.891646432518854,3.846315208609397,177.53125,True,0
Chopin - Marche Funèbre (Funeral March).mp4,142,index,10.04987562112089,26.076809620810597,56.753854494650845,135.83077707206124,56.02099729407343,4.4985484719812465,177.53125,True,0
Chopin - Marche Funèbre (Funeral March).mp4,143,index,12.041594578792296,29.614185789921695,61.98386886924694,139.04315876734103,56.282296189133575,4.538548471981247,177.53125,True,0
Chopin - Marche Funèbre (Funeral March).mp4,144,index,10.04987562112089,25.709920264364882,55.97320787662612,131.97348218486925,56.37640637787741,4.89250278405309,177.53125,True,0
Chopin - Marche Funèbre (Funeral March).mp4,145,index,11.045361017187261,27.459060435491963,57.56735185849702,135.94484175576505,56.534282059215585,4.981945503153082,177.53125,True,0
Chopin - Marche Funèbre (Funeral March).mp4,146,index,11.180339887498949,27.65863337187866,58.52349955359813,136.93794214898952,56.745321688817576,4.941945503153082,177.53125,True,0
Chopin - Marche Funèbre (Funeral March).mp4,147,index,11.0,27.16615541441225,56.753854494650845,136.61991070118586,56.933791378903294,4.941945503153082,177.53125,True,0
Chopin - Marche Funèbre (Funeral March).mp4,148,index,12.041594578792296,28.284271247461902,58.9406481131655,138.61096637712328,57.159096224120525,4.941945503153082,177.53125,True,0
Chopin - Marche Funèbre (Funeral March).mp4,149,index,12.0,28.160255680657446,57.723478758647246,137.6154061142865,57.425185960785456,4.872022939241271,177.53125,True,0
Chopin - Marche Funèbre (Funeral March).mp4,150,index,13.0,30.14962686336267,60.63827174318213,138.52075656738234,57.64868867797225,4.534663693959007,177.53125,True,0
Chopin - Marche Funèbre (Funeral March).mp4,151,index,12.041594578792296,28.071337695236398,59.43904440685432,136.444127759314,57.43329746637707,4.1452191824125135,177.53125,True,0
Chopin - Marche Funèbre (Funeral March).mp4,152,index,9.848857801796104,26.476404589747453,55.226805085936306,132.1854757528224,57.07567573044617,4.413547339712489,177.53125,True,0
Chopin - Marche Funèbre (Funeral March).mp4,153,index,10.44030650891055,27.16615541441225,57.3149195236284,134.13426109685773,56.810141044881405,4.450595727019232,177.53125,True,0
Chopin - Marche Funèbre (Funeral March).mp4,154,index,10.770329614269007,27.16615541441225,57.3149195236284,133.13526955694348,56.50725611028741,4.450595727019232,177.53125,True,0
Chopin - Marche Funèbre (Funeral March).mp4,155,index,9.848857801796104,25.179356624028344,55.226805085936306,131.13733259449805,56.145377672530266,4.450595727019232,177.53125,True,0
Chopin - Marche Funèbre (Funeral March).mp4,156,index,9.848857801796104,25.495097567963924,53.150729063673246,130.06152390311286,55.70751887729465,4.291757677228776,177.53125,True,0
Chopin - Marche Funèbre (Funeral March).mp4,157,index,9.433981132056603,23.53720459187964,51.03920062069938,128.00390619039717,55.271238419711615,4.2283262197237,177.53125,True,0
Chopin - Marche Funèbre (Funeral March).mp4,158,index,7.211102550927978,18.788294228055936,45.0,122.01639234135715,54.652207050685874,4.32373281200908,177.53125,True,0
Chopin - Marche Funèbre (Funeral March).mp4,159,index,5.830951894845301,16.15549442140351,42.04759208325728,119.00420160649792,53.935137333171106,4.396869896998927,177.53125,False,0
Chopin - Marche Funèbre (Funeral March).mp4,160,index,5.385164807134504,13.892443989449804,39.01281840626232,114.0701538527936,53.230539602288935,4.446312616098918,177.53125,False,0
Chopin - Marche Funèbre (Funeral March).mp4,161,index,6.0,12.727922061357855,36.05551275463989,111.22050170719426,52.53617409977537,4.358659107575282,177.53125,False,0
Chopin - Marche Funèbre (Funeral March).mp4,162,index,7.211102550927978,11.40175425099138,32.2490309931942,108.664621657649,52.159523782495924,4.105971072243567,177.53125,False,0
Chopin - Marche Funèbre (Funeral March).mp4,163,index,7.810249675906654,12.165525060596439,31.25699921617557,107.78682665335315,52.0682308287289,3.985971072243567,177.53125,False,0
Chopin - Marche Funèbre (Funeral March).mp4,164,index,8.48528137423857,10.198039027185569,26.1725046566048,102.70345661174214,51.90433680321594,3.897913084454802,177.53125,False,0
Chopin - Marche Funèbre (Funeral March).mp4,165,index,7.810249675906654,10.44030650891055,21.840329667841555,105.07616285342742,51.78833431203796,3.673353357181646,177.53125,False,0
Chopin - Marche Funèbre (Funeral March).mp4,166,index,8.54400374531753,16.401219466856727,10.44030650891055,91.41115905621152,51.30269330662668,3.7463956653524404,177.53125,False,0
Chopin - Marche Funèbre (Funeral March).mp4,167,index,8.94427190999916,14.142135623730951,13.038404810405298,91.6624241442479,50.29345250342407,3.406375637777383,177.53125,False,0
Chopin - Marche Funèbre (Funeral March).mp4,168,index,4.47213595499958,8.94427190999916,34.23448553724738,110.16351483136329,49.44476850570715,4.1122509459529235,177.53125,False,0
Chopin - Marche Funèbre (Funeral March).mp4,169,index,4.123105625617661,11.313708498984761,38.3275357934736,114.15778554264269,48.88692500084452,3.844787740287815,177.53125,False,0
Chopin - Marche Funèbre (Funeral March).mp4,170,index,5.0,12.041594578792296,39.05124837953327,112.64102272262978,48.254097506984664,4.06775500822409,177.53125,False,0
Chopin - Marche Funèbre (Funeral March).mp4,171,index,5.385164807134504,12.083045973594572,37.64306044943742,114.27160627207444,47.60492213238742,4.22775500822409,177.53125,False,0
Chopin - Marche Funèbre (Funeral March).mp4,172,index,8.246211251235321,15.524174696260024,39.92492955535426,115.57248807566617,47.08220096207009,4.264803395530833,177.53125,False,0
Chopin - Marche Funèbre (Funeral March).mp4,173,index,9.219544457292887,16.492422502470642,41.6293165929973,118.06777714516353,46.55751676588391,4.2648033955308335,177.53125,False,0
Chopin - Marche Funèbre (Funeral March).mp4,174,index,8.246211251235321,15.811388300841896,41.23105625617661,118.06777714516353,46.03608968988217,4.297677572135901,177.53125,False,0
Chopin - Marche Funèbre (Funeral March).mp4,175,index,9.055385138137417,18.867962264113206,46.238512086787566,121.82364302548172,45.57285816328809,4.417677572135901,177.53125,False,0
Chopin - Marche Funèbre (Funeral March).mp4,176,index,10.198039027185569,20.808652046684813,48.46648326421054,123.96773773849388,45.24730623965188,4.313455521117341,177.53125,False,0
Chopin - Marche Funèbre (Funeral March).mp4,177,index,9.055385138137417,20.248456731316587,47.16990566028302,120.66896867049125,44.98135796935114,4.134570082917358,177.53125,False,0
Chopin - Marche Funèbre (Funeral March).mp4,178,index,9.219544457292887,20.248456731316587,47.53945729601885,122.0,44.68087612875933,4.097521695610614,177.53125,False,0
Chopin - Marche Funèbre (Funeral March).mp4,179,index,12.206555615733702,28.635642126552707,60.876925020897694,137.05838172107534,44.78478443250938,4.708674519454602,177.53125,False,0
Chopin - Marche Funèbre (Funeral March).mp4,180,index,12.649110640673518,30.364452901377952,65.30696746902278,141.90489773083945,45.07311519886594,4.937002676754577,177.53125,False,0
Chopin - Marche Funèbre (Funeral March).mp4,181,index,12.529964086141668,30.083217912982647,64.03124237432849,139.16896205691842,45.345686979804185,5.024656185278213,177.53125,False,0
Chopin - Marche Funèbre (Funeral March).mp4,182,index,10.295630140987,28.792360097775937,63.34824385884742,140.1606221447379,45.65151261687734,5.081224727773137,177.53125,False,0
Chopin - Marche Funèbre (Funeral March).mp4,183,index,12.083045973594572,28.792360097775937,61.84658438426491,139.44174410842686,46.14299207131456,4.92238667798268,177.53125,False,0
Chopin - Marche Funèbre (Funeral March).mp4,184,index,10.295630140987,27.51363298439521,61.84658438426491,138.6001443000692,46.69516958935168,4.849249592992832,177.53125,False,0
Chopin - Marche Funèbre (Funeral March).mp4,185,index,11.180339887498949,28.792360097775937,62.36184731067546,135.51752654177244,47.35008451717251,4.816375416387764,177.53125,False,0
Chopin - Marche Funèbre (Funeral March).mp4,186,index,12.083045973594572,28.460498941515414,59.481089431852205,132.38202294873727,48.014111724897575,4.759806873892841,177.53125,False,0
Chopin - Marche Funèbre (Funeral March).mp4,187,index,13.416407864998739,29.546573405388315,57.87054518492115,127.283148923964,48.70001338416267,4.721373755274869,177.53125,False,0
Chopin - Marche Funèbre (Funeral March).mp4,188,index,10.44030650891055,24.041630560342615,54.120236510939236,127.3459854098275,49.269298968002566,4.884684256486798,177.53125,False,0
Chopin - Marche Funèbre (Funeral March).mp4,189,index,5.0,14.7648230602334,43.08131845707603,114.75626344561765,49.56973020093412,5.039760031462092,177.53125,False,0
Chopin - Marche Funèbre (Funeral March).mp4,190,index,3.605551275463989,11.704699910719626,39.20459156782532,118.71394189394942,49.850347560352844,5.218028290375474,177.53125,False,0
Chopin - Marche Funèbre (Funeral March).mp4,191,index,6.4031242374328485,19.313207915827967,47.16990566028302,127.251719045363,50.583760241168946,5.270536944748497,177.53125,False,0
Chopin - Marche Funèbre (Funeral March).mp4,192,index,9.219544457292887,23.08679276123039,53.03772242470448,131.01526628603247,51.46948113557771,4.958323708951705,177.53125,False,0
Chopin - Marche Funèbre (Funeral March).mp4,193,index,11.0,28.071337695236398,58.69412236331676,134.03357788255897,52.209327432652756,4.172448400776166,177.53125,False,0
Chopin - Marche Funèbre (Funeral March).mp4,194,index,13.0,30.066592756745816,61.66036003787198,138.05795884337854,52.95795519442552,4.20595729436943,177.53125,False,0
Chopin - Marche Funèbre (Funeral March).mp4,195,index,12.0,28.071337695236398,57.55866572463264,137.13132391981054,53.61822981101276,4.093547307333163,177.53125,False,0
Chopin - Marche Funèbre (Funeral March).mp4,196,index,12.041594578792296,29.154759474226502,58.69412236331676,141.12760183606892,54.3345818185144,3.950115849828087,177.53125,False,0
Chopin - Marche Funèbre (Funeral March).mp4,197,index,11.045361017187261,29.274562336608895,59.033888572581766,140.1748907615055,54.937190809608076,3.9130674625213437,177.53125,False,0
Chopin - Marche Funèbre (Funeral March).mp4,198,index,12.0,29.154759474226502,59.841457201508724,140.1748907615055,55.49481127700123,3.8964989200264206,177.53125,False,0
Chopin - Marche Funèbre (Funeral March).mp4,199,index,12.041594578792296,29.154759474226502,60.01666435249463,140.1748907615055,56.075126039137245,3.863624743421352,177.53125,False,0
Chopin - Marche Funèbre (Funeral March).mp4,200,index,11.045361017187261,27.073972741361768,58.69412236331676,139.0898989862312,56.47430456507302,3.8167618284111997,177.53125,False,0
Chopin - Marche Funèbre (Funeral March).mp4,201,index,11.045361017187261,28.0178514522438,59.53990258641679,140.05713120009278,56.82649790686667,3.7767618284111997,177.53125,False,0
Chopin - Marche Funèbre (Funeral March).mp4,202,index,11.0,28.071337695236398,59.682493245507096,140.089257261219,57.24350162688401,3.7273191093112077,177.53125,False,0
Chopin - Marche Funèbre (Funeral March).mp4,203,index,11.045361017187261,28.071337695236398,59.682493245507096,140.089257261219,57.64231153422923,3.6778763902112166,177.53125,False,0
Chopin - Marche Funèbre (Funeral March).mp4,204,index,11.0,28.160255680657446,58.855755878248644,139.12943613772032,57.625990966352894,3.066723566367228,177.53125,False,0
Chopin - Marche Funèbre (Funeral March).mp4,205,index,8.94427190999916,25.709920264364882,55.00909015790027,135.00370365289984,57.37040653878541,3.192349721139098,177.53125,False,0
Chopin - Marche Funèbre (Funeral March).mp4,206,index,9.486832980505138,26.30589287593181,55.036351623268054,135.00370365289984,57.17060048580775,3.13757038922053,177.53125,False,0
Chopin - Marche Funèbre (Funeral March).mp4,207,index,8.94427190999916,25.317977802344327,55.036351623268054,134.00373129133382,56.97765524965373,3.081001846725606,177.53125,False,0
Chopin - Marche Funèbre (Funeral March).mp4,208,index,9.433981132056603,24.73863375370596,53.009433122794285,133.00375934536586,56.757875977552324,3.081001846725606,177.53125,False,0
Chopin - Marche Funèbre (Funeral March).mp4,209,index,7.810249675906654,22.80350850198276,52.009614495783374,131.01526628603247,56.5117024490522,3.081001846725606,177.53125,False,0
Chopin - Marche Funèbre (Funeral March).mp4,210,index,7.810249675906654,22.135943621178654,50.0,129.0348790056394,56.22299243370222,3.081001846725606,177.53125,False,0
Chopin - Marche Funèbre (Funeral March).mp4,211,index,5.830951894845301,18.384776310850235,47.042533945356304,126.01587201618692,55.871667202417626,3.225223897744166,177.53125,False,0
Chopin - Marche Funèbre (Funeral March).mp4,212,index,6.0,14.866068747318506,40.01249804748511,120.10412149464314,55.400327331519364,3.2429548423559904,177.53125,False,0
Chopin - Marche Funèbre (Funeral March).mp4,213,index,7.615773105863909,13.892443989449804,37.12142238654117,116.27553482998907,54.98989748473761,3.089087060244053,177.53125,False,0
Chopin - Marche Funèbre (Funeral March).mp4,214,index,8.06225774829855,13.601470508735444,35.6931365951495,114.9826073804208,54.93726815743439,2.8256556027389763,177.53125,False,0
Chopin - Marche Funèbre (Funeral March).mp4,215,index,6.4031242374328485,9.433981132056603,33.13608305156178,111.64676439557037,54.81117983912102,2.7714934501070094,177.53125,False,0
Chopin - Marche Funèbre (Funeral March).mp4,216,index,2.8284271247461903,5.830951894845301,31.78049716414141,109.00458705944443,54.30424490296373,2.9000539527943605,177.53125,False,0
Chopin - Marche Funèbre (Funeral March).mp4,217,index,3.605551275463989,5.830951894845301,37.0,113.11056537742175,53.73612232914843,3.3771519728644903,177.53125,False,0
Chopin - Marche Funèbre (Funeral March).mp4,218,index,7.211102550927978,12.165525060596439,33.24154027718932,112.16059914247963,53.065919620049236,3.433720515359414,177.53125,False,0
Chopin - Marche Funèbre (Funeral March).mp4,219,index,8.06225774829855,12.649110640673518,37.12142238654117,115.10864433221339,52.367484854746536,3.3631632344594053,177.53125,False,0
Chopin - Marche Funèbre (Funeral March).mp4,220,index,6.082762530298219,14.866068747318506,40.44749683231337,121.1486689980538,51.845321552429596,3.2896543408661416,177.53125,False,0
Chopin - Marche Funèbre (Funeral March).mp4,221,index,8.06225774829855,15.652475842498529,41.97618372363071,120.41594578792295,51.296209400929065,3.545495785407484,177.53125,False,0
Chopin - Marche Funèbre (Funeral March).mp4,222,index,8.246211251235321,16.97056274847714,45.5411901469428,124.32618388738553,50.851763854390626,3.536053066307492,177.53125,False,0
Chopin - Marche Funèbre (Funeral March).mp4,223,index,9.486832980505138,19.1049731745428,48.83646178829912,128.47178678604885,50.49905332731218,3.576053066307492,177.53125,False,0
Chopin - Marche Funèbre (Funeral March).mp4,224,index,9.486832980505138,19.79898987322333,49.03060268852505,128.56126943990557,50.15395118546358,3.5760530663074923,177.53125,False,0
Chopin - Marche Funèbre (Funeral March).mp4,225,index,9.219544457292887,18.439088914585774,48.27007354458868,127.76932339180638,49.83189793746535,3.58940708772438,177.53125,False,0
Chopin - Marche Funèbre (Funeral March).mp4,226,index,10.04987562112089,19.4164878389476,47.80167361086848,126.15070352558483,49.47948288087117,3.702544172714228,177.53125,False,0
Chopin - Marche Funèbre (Funeral March).mp4,227,index,10.198039027185569,20.615528128088304,49.72926703662542,127.1416532848303,49.16789687361883,3.662544172714228,177.53125,False,0
Chopin - Marche Funèbre (Funeral March).mp4,228,index,10.44030650891055,20.518284528683193,50.695167422546305,127.1416532848303,48.86696649887705,3.622544172714228,177.53125,False,0
Chopin - Marche Funèbre (Funeral March).mp4,229,index,10.198039027185569,20.615528128088304,50.0,126.28935030318273,48.56654119649533,3.6719868918142193,177.53125,False,0
Chopin - Marche Funèbre (Funeral March).mp4,230,index,10.198039027185569,20.0,49.040799340956916,125.29964086141668,48.36525612893927,3.3180325797423746,177.53125,False,0
Chopin - Marche Funèbre (Funeral March).mp4,231,index,10.04987562112089,20.248456731316587,47.43416490252569,124.45882853377658,48.12884157550064,3.3085898606423827,177.53125,False,0
Chopin - Marche Funèbre (Funeral March).mp4,232,index,10.198039027185569,20.808652046684813,49.33558553417604,125.44720004846661,47.95371301579631,3.2920213181474587,177.53125,False,0
Chopin - Marche Funèbre (Funeral March).mp4,233,index,10.295630140987,25.298221281347036,55.326304774492215,132.54433220624713,47.98649982628782,3.6880011156119257,177.53125,False,0
Chopin - Marche Funèbre (Funeral March).mp4,234,index,10.0,26.832815729997478,57.48912940721924,132.9661611087573,48.122994499150494,3.916329272911901,177.53125,False,0
Chopin - Marche Funèbre (Funeral March).mp4,235,index,10.816653826391969,27.313000567495326,60.41522986797286,136.06616037795732,48.37929422252142,3.979760730416977,177.53125,False,0
Chopin - Marche Funèbre (Funeral March).mp4,236,index,11.180339887498949,27.51363298439521,61.0,137.81872151489435,48.78167982471691,3.9486757643882644,177.53125,False,0
Chopin - Marche Funèbre (Funeral March).mp4,237,index,9.848857801796104,27.51363298439521,60.01666435249463,136.82470537150812,49.3138915469244,3.844453713369705,177.53125,False,0
Chopin - Marche Funèbre (Funeral March).mp4,238,index,10.816653826391969,26.92582403567252,59.43904440685432,135.94484175576505,49.896103444052784,3.8115795367646372,177.53125,False,0
Chopin - Marche Funèbre (Funeral March).mp4,239,index,10.295630140987,27.85677655436824,61.18823416311342,137.05838172107534,50.5366989475222,3.8115795367646372,177.53125,False,0
Chopin - Marche Funèbre (Funeral March).mp4,240,index,10.816653826391969,26.0,58.249463516842795,135.20355024924456,51.233196095280775,3.6232513794646626,177.53125,False,0
Chopin - Marche Funèbre (Funeral March).mp4,241,index,10.63014581273465,25.942243542145693,57.723478758647246,133.5065541462291,52.016775685446575,3.0679375803284517,177.53125,False,0
Chopin - Marche Funèbre (Funeral March).mp4,242,index,10.816653826391969,26.92582403567252,60.41522986797286,137.6117727521886,52.77899980479153,2.734271017763399,177.53125,False,0
Chopin - Marche Funèbre (Funeral March).mp4,243,index,9.899494936611665,23.853720883753127,54.405882034941776,131.03434664239754,53.323146579456626,2.842626700293181,177.53125,False,0
Chopin - Marche Funèbre (Funeral March).mp4,244,index,8.246211251235321,19.1049731745428,48.104053883222775,121.39604606411199,53.56224507211049,2.957144761736901,177.53125,False,0
Chopin - Marche Funèbre (Funeral March).mp4,245,index,7.280109889280518,17.029386365926403,43.08131845707603,116.55899793666725,53.57629322752015,2.9748757063487257,177.53125,False,0
Chopin - Marche Funèbre (Funeral March).mp4,246,index,8.48528137423857,20.591260281974,46.2709412050371,123.10158406779338,53.69971526578707,3.1185358893521147,177.53125,False,0
Chopin - Marche Funèbre (Funeral March).mp4,247,index,7.211102550927978,19.4164878389476,47.51841748206689,126.09916732476864,53.75132553741378,3.238535889352115,177.53125,False,0
Chopin - Marche Funèbre (Funeral March).mp4,248,index,10.198039027185569,25.019992006393608,54.589376255824725,132.1854757528224,53.91225382054208,3.52731766764383,177.53125,False,0
Chopin - Marche Funèbre (Funeral March).mp4,249,index,9.486832980505138,24.08318915758459,54.74486277268398,134.45073447177595,54.07113306454598,3.6747099056926174,177.53125,False,0
Chopin - Marche Funèbre (Funeral March).mp4,250,index,9.219544457292887,24.020824298928627,56.515484603779164,136.5283853270081,54.29699514833332,3.7271042374858654,177.53125,False,0
Chopin - Marche Funèbre (Funeral March).mp4,251,index,10.04987562112089,27.16615541441225,60.166435825965294,139.70325694127536,54.63366498039584,3.6939671524960183,177.53125,False,0
Chopin - Marche Funèbre (Funeral March).mp4,252,index,7.280109889280518,19.0,49.72926703662542,129.46814279968643,54.61159530288448,4.177288991439801,177.53125,False,0
Chopin - Marche Funèbre (Funeral March).mp4,253,index,10.0,25.179356624028344,57.28001396647874,133.843191832831,54.78666680966816,4.445617148739776,177.53125,False,0
Chopin - Marche Funèbre (Funeral March).mp4,254,index,9.055385138137417,24.020824298928627,56.04462507680822,132.84953895290718,54.935341369751406,4.48266553604652,177.53125,False,0
Chopin - Marche Funèbre (Funeral March).mp4,255,index,8.246211251235321,23.021728866442675,53.600373133029585,130.64838307457157,55.04512354070861,4.532108255146511,177.53125,False,0
Chopin - Marche Funèbre (Funeral March).mp4,256,index,10.198039027185569,25.0,56.515484603779164,133.5402561027947,55.27574808015881,4.532108255146511,177.53125,False,0
Chopin - Marche Funèbre (Funeral March).mp4,257,index,10.04987562112089,25.079872407968907,57.0087712549569,133.63382805263043,55.475576786960445,4.581550974246504,177.53125,False,0
Chopin - Marche Funèbre (Funeral March).mp4,258,index,11.045361017187261,28.0178514522438,59.43904440685432,137.44089638822936,55.60036343557486,4.255493740693848,177.53125,False,0
Chopin - Marche Funèbre (Funeral March).mp4,259,index,9.219544457292887,23.021728866442675,54.12947441089743,132.3782459469833,55.51497230993128,4.230476084605803,177.53125,False,0
Chopin - Marche Funèbre (Funeral March).mp4,260,index,9.486832980505138,24.08318915758459,54.74486277268398,133.18408313308313,55.38385154397168,4.199918803705794,177.53125,False,0
Chopin - Marche Funèbre (Funeral March).mp4,261,index,5.830951894845301,18.439088914585774,48.507731342539614,126.19429464123962,54.998445268035894,4.339763931529417,177.53125,False,0
Chopin - Marche Funèbre (Funeral March).mp4,262,index,8.602325267042627,23.53720459187964,54.147945482723536,130.13838787997952,54.8206652951502,4.543074432741346,177.53125,False,0
Chopin - Marche Funèbre (Funeral March).mp4,263,index,9.433981132056603,24.73863375370596,56.08029957123981,130.034610777285,54.69227690724624,4.575948609346413,177.53125,False,0
Chopin - Marche Funèbre (Funeral March).mp4,264,index,8.602325267042627,22.80350850198276,53.23532661682466,128.06248474865697,54.455323132795876,4.60882278595148,177.53125,False,0
Chopin - Marche Funèbre (Funeral March).mp4,265,index,7.0710678118654755,20.8806130178211,51.24451190127583,127.06297651164952,54.2152181492972,4.618265505051472,177.53125,False,0
Chopin - Marche Funèbre (Funeral March).mp4,266,index,6.4031242374328485,19.6468827043885,49.36598018878993,124.10076550932311,53.932361453098984,4.641696962556549,177.53125,False,0
Chopin - Marche Funèbre (Funeral March).mp4,267,index,6.4031242374328485,19.6468827043885,49.25444142409901,126.0634760745554,53.58834589268148,4.441696962556548,177.53125,False,0
Chopin - Marche Funèbre (Funeral March).mp4,268,index,7.211102550927978,20.615528128088304,50.15974481593781,125.01599897613104,53.42643519241529,4.316772737531842,177.53125,False,0
Chopin - Marche Funèbre (Funeral March).mp4,269,index,6.4031242374328485,19.313207915827967,47.095647357266465,123.00406497347964,53.41608279352422,4.202254676088121,177.53125,False,0
Chopin - Marche Funèbre (Funeral March).mp4,270,index,7.211102550927978,18.788294228055936,47.042533945356304,121.01652779682617,53.5171692522464,4.114601167564486,177.53125,False,0
Chopin - Marche Funèbre (Funeral March).mp4,271,index,6.324555320336759,17.0,45.044422518220834,121.01652779682617,53.4265336393098,3.6985309975248297,177.53125,False,0
Chopin - Marche Funèbre (Funeral March).mp4,272,index,6.324555320336759,17.4928556845359,45.0111097397076,122.14745187681976,53.33384161355668,3.5879737166248216,177.53125,False,0
Chopin - Marche Funèbre (Funeral March).mp4,273,index,7.280109889280518,17.204650534085253,43.04648650006177,119.15116449284078,52.9807368972971,3.27576048082803,177.53125,False,0
Chopin - Marche Funèbre (Funeral March).mp4,274,index,6.082762530298219,15.811388300841896,42.04759208325728,118.15244390193544,52.57402257163492,3.1517997002843186,177.53125,False,0
Chopin - Marche Funèbre (Funeral March).mp4,275,index,9.433981132056603,14.317821063276353,35.90264614203248,110.8873302050329,52.01659797018883,3.2061523378781476,177.53125,False,0
Chopin - Marche Funèbre (Funeral March).mp4,276,index,9.433981132056603,11.180339887498949,25.019992006393608,103.12128781197411,51.13329674054032,3.609474176821931,177.53125,False,0
Chopin - Marche Funèbre (Funeral March).mp4,277,index,6.708203932499369,13.92838827718412,31.32091952673165,111.28791488746656,50.71097580952323,3.5733659333781054,177.53125,False,0
Chopin - Marche Funèbre (Funeral March).mp4,278,index,6.324555320336759,13.92838827718412,30.364452901377952,113.07077429645558,50.08483189324339,3.558019988891601,177.53125,False,0
Chopin - Marche Funèbre (Funeral March).mp4,279,index,6.4031242374328485,16.76305461424021,47.095647357266465,126.14277624977183,49.829174183162685,4.14370863507546,177.53125,False,0
Chopin - Marche Funèbre (Funeral March).mp4,280,index,8.602325267042627,20.248456731316587,50.15974481593781,130.00384609695206,49.76415094902238,4.322594073275443,177.53125,False,0
Chopin - Marche Funèbre (Funeral March).mp4,281,index,7.0,15.0,42.42640687119285,122.01639234135715,49.37604114381029,4.673407257846203,177.53125,False,0
Chopin - Marche Funèbre (Funeral March).mp4,282,index,8.0,16.1245154965971,41.97618372363071,121.10326172320876,48.990357279877884,4.762849976946195,177.53125,False,0
Chopin - Marche Funèbre (Funeral March).mp4,283,index,7.280109889280518,16.278820596099706,44.40720662234904,124.03628501370073,48.55094996844703,4.78058092155802,177.53125,False,0
Chopin - Marche Funèbre (Funeral March).mp4,284,index,8.246211251235321,17.69180601295413,45.70557952810576,124.14507642270796,48.321346763780895,4.626713139446083,177.53125,False,0
Chopin - Marche Funèbre (Funeral March).mp4,285,index,9.848857801796104,20.518284528683193,49.03060268852505,127.1927670899568,48.17226220443194,4.626713139446083,177.53125,False,0
Chopin - Marche Funèbre (Funeral March).mp4,286,index,9.055385138137417,17.804493814764857,46.69047011971501,123.14625451064275,48.14950757233244,4.589137518917992,177.53125,False,0
Chopin - Marche Funèbre (Funeral March).mp4,287,index,8.246211251235321,17.029386365926403,45.70557952810576,123.14625451064275,47.92652325667528,4.402395560200988,177.53125,False,0
Chopin - Marche Funèbre (Funeral March).mp4,288,index,11.180339887498949,29.068883707497267,64.19501538281614,141.1736519326464,48.17982691343701,5.145298922968388,177.53125,False,0
Chopin - Marche Funèbre (Funeral March).mp4,289,index,10.63014581273465,25.553864678361276,57.87054518492115,133.09395177843356,48.32427553663645,5.62856904639945,177.53125,False,0
Chopin - Marche Funèbre (Funeral March).mp4,290,index,10.63014581273465,26.419689627245813,59.033888572581766,134.18271125595876,48.56434819689554,5.595694869794383,177.53125,False,0
Chopin - Marche Funèbre (Funeral March).mp4,291,index,10.63014581273465,25.495097567963924,57.706152185014034,133.09395177843356,48.83843414393765,5.595694869794383,177.53125,False,0
Chopin - Marche Funèbre (Funeral March).mp4,292,index,9.219544457292887,24.186773244895647,55.90169943749474,131.13733259449805,49.0292083968747,5.685137588894375,177.53125,False,0
Chopin - Marche Funèbre (Funeral March).mp4,293,index,10.63014581273465,25.495097567963924,57.55866572463264,133.13526955694348,49.2673764387866,5.734580307994367,177.53125,False,0
Chopin - Marche Funèbre (Funeral March).mp4,294,index,10.0,24.166091947189145,54.45181356024793,131.0953851209111,49.506348900230016,5.7017061313893,177.53125,False,0
Chopin - Marche Funèbre (Funeral March).mp4,295,index,9.219544457292887,23.021728866442675,50.80354318352215,128.191263352851,49.67812511361944,5.7017061313893,177.53125,False,0
Chopin - Marche Funèbre (Funeral March).mp4,296,index,9.433981132056603,21.400934559032695,50.21951811795888,126.39620247459969,49.858776420102075,5.7017061313893,177.53125,False,0
Chopin - Marche Funèbre (Funeral March).mp4,297,index,6.708203932499369,17.69180601295413,46.32493928760188,121.41251994749142,49.87039138569356,5.732263412289309,177.53125,False,0
Chopin - Marche Funèbre (Funeral March).mp4,298,index,7.615773105863909,16.97056274847714,45.5411901469428,123.14625451064275,49.936305076650136,5.788831954784232,177.53125,False,0
Chopin - Marche Funèbre (Funeral March).mp4,299,index,8.94427190999916,19.849433241279208,47.51841748206689,129.0968628588627,50.169453063408895,5.942070030578044,177.53125,False,0
Chopin - Marche Funèbre (Funeral March).mp4,300,index,9.219544457292887,21.93171219946131,50.039984012787215,134.09325113517085,50.61688019603203,5.873756179808937,177.53125,False,0
Chopin - Marche Funèbre (Funeral March).mp4,301,index,9.219544457292887,24.0,55.31726674375732,136.82470537150812,51.382939353378376,5.646559310362468,177.53125,False,0
Chopin - Marche Funèbre (Funeral March).mp4,302,index,11.180339887498949,27.018512172212592,58.463663928973865,140.91131963046828,52.1262234433311,5.343567765881069,177.53125,False,0
Chopin - Marche Funèbre (Funeral March).mp4,303,index,11.045361017187261,27.073972741361768,59.20304046246274,140.03570973148243,52.862922574902484,5.234807604086159,177.53125,False,0
Chopin - Marche Funèbre (Funeral March).mp4,304,index,11.180339887498949,27.0,58.463663928973865,138.61096637712328,53.25142625225133,4.738034443780944,177.53125,False,0
Chopin - Marche Funèbre (Funeral March).mp4,305,index,10.198039027185569,25.019992006393608,55.31726674375732,136.61991070118586,53.43283460792408,4.596197392887706,177.53125,False,0
Chopin - Marche Funèbre (Funeral March).mp4,306,index,10.04987562112089,26.019223662515376,57.48912940721924,137.6154061142865,53.880142963849984,4.2053842083169455,177.53125,False,0
Chopin - Marche Funèbre (Funeral March).mp4,307,index,10.198039027185569,26.0,57.271284253105414,136.5283853270081,54.30808044048861,4.0830673126118855,177.53125,False,0
Chopin - Marche Funèbre (Funeral March).mp4,308,index,11.40175425099138,26.019223662515376,56.88585061331157,137.3644786689776,54.70476929123227,3.9788452615933267,177.53125,False,0
Chopin - Marche Funèbre (Funeral March).mp4,309,index,11.180339887498949,27.018512172212592,58.855755878248644,137.3644786689776,55.091073425151606,3.889402542493335,177.53125,False,0
Chopin - Marche Funèbre (Funeral March).mp4,310,index,10.44030650891055,26.076809620810597,56.88585061331157,135.29966740535616,55.31219464554589,3.9199598233933437,177.53125,False,0
Chopin - Marche Funèbre (Funeral March).mp4,311,index,10.198039027185569,25.019992006393608,55.90169943749474,134.3726162579266,55.6001520770033,3.761121773602887,177.53125,False,0
Chopin - Marche Funèbre (Funeral March).mp4,312,index,10.44030650891055,25.079872407968907,56.71860364994893,134.30189872075525,55.92428457332004,3.7445532311079632,177.53125,False,0
Chopin - Marche Funèbre (Funeral March).mp4,313,index,10.198039027185569,25.019992006393608,56.089214649520635,134.3726162579266,55.72490428362571,2.9687756917354937,177.53125,False,0
Chopin - Marche Funèbre (Funeral March).mp4,314,index,10.198039027185569,24.0,56.293871780150276,133.30416347586447,55.691379951913206,2.47606284920444,177.53125,False,0
Chopin - Marche Funèbre (Funeral March).mp4,315,index,8.94427190999916,24.331050121192877,54.230987451824994,132.30646242719968,55.58684331833015,2.5983797449094994,177.53125,False,0
Chopin - Marche Funèbre (Funeral March).mp4,316,index,8.94427190999916,24.515301344262525,56.142675390472796,132.09466302617983,55.53455896159785,2.5583797449094994,177.53125,False,0
Chopin - Marche Funèbre (Funeral March).mp4,317,index,8.06225774829855,23.53720459187964,55.14526271584895,131.0953851209111,55.50850656602542,2.5089370258095074,177.53125,False,0
Chopin - Marche Funèbre (Funeral March).mp4,318,index,9.433981132056603,25.709920264364882,57.14017850864661,134.03357788255897,55.503491357278946,2.4994943067095163,177.53125,False,0
Chopin - Marche Funèbre (Funeral March).mp4,319,index,9.433981132056603,24.515301344262525,57.21887800367987,133.13526955694348,55.549392751364884,2.4994943067095163,177.53125,False,0
Chopin - Marche Funèbre (Funeral March).mp4,320,index,8.94427190999916,25.495097567963924,56.22277118748239,132.06059215375342,55.6642592809558,2.4829257642145923,177.53125,False,0
Chopin - Marche Funèbre (Funeral March).mp4,321,index,7.810249675906654,23.53720459187964,53.23532661682466,130.06152390311286,55.73619596599656,2.562925764214592,177.53125,False,0
Chopin - Marche Funèbre (Funeral March).mp4,322,index,7.810249675906654,22.47220505424423,53.03772242470448,128.00390619039717,55.92806210764362,2.5694168706213274,177.53125,False,0
Chopin - Marche Funèbre (Funeral March).mp4,323,index,7.211102550927978,19.697715603592208,49.09175083453431,125.00399993600205,56.00536999177491,2.582770892038215,177.53125,False,0
Chopin - Marche Funèbre (Funeral March).mp4,324,index,7.615773105863909,19.235384061671343,47.0,122.01639234135715,55.90995563194175,2.429532816244403,177.53125,False,0
Chopin - Marche Funèbre (Funeral March).mp4,325,index,6.324555320336759,16.64331697709324,43.04648650006177,119.20570456148481,55.60931134748439,2.3211771337146208,177.53125,False,0
Chopin - Marche Funèbre (Funeral March).mp4,326,index,6.324555320336759,11.661903789690601,36.05551275463989,109.37092849564732,54.98982518536195,2.3083626654292355,177.53125,False,0
Chopin - Marche Funèbre (Funeral March).mp4,327,index,7.810249675906654,11.40175425099138,25.0,105.80170130957252,54.114223881535125,2.390414784390371,177.53125,False,0
Chopin - Marche Funèbre (Funeral March).mp4,328,index,7.211102550927978,12.041594578792296,30.083217912982647,107.56393447619885,53.3096415371992,2.534636835408931,177.53125,False,0
