finger_velocity,finger_acceleration,finger_position_x,finger_position_y,finger_position_z,depth_feature,posture_feature,euclidean_distance,distance_from_wrist,ground_truth_label,frame_index
0.749080237694725,0.3963234280394903,-0.06297341423227606,0.0038163570272436165,0.08589464828341273,0.24998048741082787,0.07054326947880082,0.03578675940344107,0.32879835131343715,0,0
1.9014286128198323,0.07219273268824078,0.008380189475671623,-0.004163624474053801,0.08162385173087994,0.2317130604498681,0.08170132574722351,0.08223762811176367,0.4221729317199946,1,1
1.4639878836228102,-0.3809447674273445,0.07458916717528166,-0.09487158683871287,0.27281382835110063,0.17632339592211624,0.03254211089132491,0.09975141099132424,0.4040643719160636,1,2
1.1973169683940732,0.6275900394138973,0.04644497728191224,-0.03175043447476873,0.08236839795635675,0.2872536716474606,0.0662386689646299,0.012702340479645354,0.16155996187750948,0,3
0.31203728088487304,0.36946234510775855,0.06131222957228996,-0.023960876242828583,0.08886542057730298,0.0681376095032368,0.06145713848293739,0.09076292792118387,0.15969978789658956,0,4
0.3119890406724053,-0.6747661213102174,0.031756673342143465,-0.020235443820619897,0.23022549610120946,0.04168662098979021,0.08495473391094441,0.06603674802387922,0.20726974709796533,1,5
0.11616722433639892,0.8218543689876849,0.03845531290357049,0.016034473845466454,0.1404245543106566,0.2576489704170724,0.09154783544331345,0.0976044357248339,0.2444298905364149,0,6
1.7323522915498704,0.645074485846338,0.06983913031306385,0.006720509345375686,0.23524606151700253,0.137353446823787,0.011094109432964813,0.05185085657737849,0.26338223256339305,1,7
1.2022300234864176,0.8995998265838481,-0.05006639822816281,0.021581018558688922,0.02895618569367172,0.2556209677200475,0.07066179271529134,0.08626491375142364,0.37187888673333813,0,8
1.416145155592091,0.45143901677671994,-0.0021150072713718993,0.05297665230842566,0.15139564616528145,0.26899615950667033,0.014665221920775613,0.01561546617384495,0.12267217286633417,0,9
0.041168988591604894,0.22683039187157972,-0.055758111636079556,0.0625971477432187,0.019747944053151965,0.028112702149530717,0.05939727985696204,0.04017511450704662,0.11386908169042656,0,10
1.9398197043239886,-0.16351392741876225,0.09753360159932942,0.04362461524529887,0.028169429002052812,0.2662047812659576,0.03588694561393104,0.016031488397608897,0.2567642251775636,1,11
1.6648852816008435,0.8654569667080265,0.08881186793732265,0.09110473919098694,0.27286686146987915,0.14001252605713244,0.03760989395699271,0.09778088201311635,0.37886547685519223,1,12
0.4246782213565523,0.7321277790008167,-0.09211463772629883,-0.09635348346472768,0.0503811576241026,0.15802542181122733,0.0417662653107121,0.08352765165446531,0.17737413718259304,0,13
0.36364993441420124,-0.9095626597876212,0.04111503450313769,-0.060844402863290785,0.16440199785981296,0.19171182821703098,0.06591632041446492,0.08672926791213735,0.3566017925025007,0,14
0.36680901970686763,-0.947266051005496,0.08504966348313317,-0.09848742500437158,0.1292177247542049,0.2786509559517252,0.040064496910189235,0.09441687082905048,0.2039312551761198,0,15
0.6084844859190754,-0.2470732662439008,-0.0638849309745333,0.029494942830920606,0.11072956461506436,0.015543667384631569,0.07594291455312524,0.017659313750780684,0.4544344435254065,1,16
1.0495128632644757,0.6211066615636658,0.013589046110525888,0.07960610978999738,0.270951670249309,0.14828460581216696,0.04640746470164828,0.04470378332620001,0.45827597770664663,1,17
0.8638900372842315,0.9745522586298889,0.08309765951760836,-0.05130354068474015,0.016328785064891955,0.20943939230486258,0.016151788027896276,0.01639314001396019,0.2189148817125306,0,18
0.5824582803960838,-0.6991662177929436,-0.09321080428284023,0.08540690895926134,0.20249900899092083,0.21958501773248626,0.08053838582356966,0.028971379139502575,0.19199750158529622,0,19
1.223705789444759,0.18826143070427026,0.03948405344936798,-0.08794652194208784,0.2893843859219296,0.2108344051457613,0.035718249213343545,0.030642919933390515,0.2645215888264925,0,20
0.27898772130408367,-0.23821828673795697,-0.04053019852548985,0.08688720536110286,0.17244877320393415,0.04898618752835534,0.04894901916393364,0.05221964899428209,0.1962126340720595,0,21
0.5842892970704363,0.9398287956292064,0.08487923907530609,-0.029675462552073123,0.28167851398959665,0.09682472062778755,0.07168994948997115,0.034170595070827835,0.36895353731668146,0,22
0.7327236865873834,0.6842378462714174,0.09421164903307355,-0.0797158343101567,0.02515478499294689,0.1140275023709339,0.03992105414338409,0.019088029613598498,0.4304258738193142,0,23
0.9121399684340719,0.6766574094222757,0.08885329782268678,-0.0028256481627348673,0.1314500625315068,0.24328679022705643,0.015092709053204407,0.025074198018469697,0.3692368523644868,0,24
1.5703519227860272,-0.06261368041005944,-0.005157156668507246,-0.048644686455898416,0.08544575937899483,0.09084036300022037,0.043652894231153226,0.023254800719688183,0.4297401788997398,1,25
0.39934756431671947,-0.17036099532466964,0.0724085301978627,-0.04302541960761544,0.22193807984441163,0.07110443952148891,0.09500037244248731,0.09757691181210686,0.2587968648829897,0,26
1.0284688768272232,-0.45318585613858753,0.0689098797070141,-0.03854200701474269,0.2945761562442015,0.28765992552104785,0.06775609575687024,0.07833632562266263,0.16252678828354433,0,27
1.184829137724085,-0.8872490066981458,-0.03617990535134888,0.06060517956653269,0.08439371810883185,0.012570352682905982,0.07043312338004863,0.09709853187426058,0.3951803789590369,1,28
0.09290082543999545,0.7294447525101064,0.06578309483013547,0.0078322553350509,0.1997106344274816,0.2993680481477737,0.0669053938273876,0.04957664378571178,0.24418980205662155,0,29
1.2150897038028767,0.6258020182601551,-0.09259847305690148,-0.037738460168799275,0.06744831350032462,0.20627817666864473,0.027909292506349312,0.035053163349639094,0.36850833009165307,0,30
0.34104824737458306,0.9994353465722612,0.019253975696410602,0.022066756662183676,0.17394577382576687,0.2502560968402439,0.04765004776920522,0.0818463877488268,0.2082575767927063,0,31
0.13010318597055903,0.9932736741478108,-0.05399823254245939,0.04323013484463872,0.1445404211396175,0.09543962494039601,0.07758458185269865,0.03936285262370321,0.13249185392266907,0,32
1.8977710745066665,0.11086341120525489,-0.07588662284454424,-0.04547519985329325,0.2918815455931457,0.014151430523447393,0.019123560779784325,0.03694450363348135,0.4970327181951054,1,33
1.9312640661491187,0.537974830361021,-0.08460935967415817,-0.0172901796949297,0.1864729090819753,0.22398216038284371,0.03500674984807411,0.030925539298704813,0.16248060317223972,1,34
1.6167946962329223,0.889531459764856,0.03925775517562796,-0.0756227813326105,0.11135684790517744,0.25190193313019593,0.03486871976192683,0.021671108040181183,0.4953683975853924,0,35
0.6092275383467414,0.6992947813548229,-0.03202500724638678,-0.06377013009306394,0.043087777617500676,0.22473807826652054,0.04888170348350555,0.03308167549150894,0.49091197302657896,0,36
0.19534422801276774,-0.5053037965136047,0.044953354305752286,0.03622357079299657,0.05386158033313102,0.051426583317243195,0.09823318668479666,0.0419787773626499,0.41752724156321586,0,37
1.3684660530243138,-0.09891172937981296,-0.08692873184021153,-0.06371233046087461,0.07534190968585816,0.22849409745452104,0.016075229201543976,0.07065947873311575,0.3637691848327991,0,38
0.8803049874792026,-0.74168116969701,-0.03694193243387793,0.005032676733412039,0.0827803317886864,0.23298760681121589,0.05668308949425356,0.015630835799750643,0.3311228201004339,0,39
0.24407646968955765,0.9081020545174447,0.007898258475067449,0.04180925234448654,0.2566786567739299,0.2009767495443159,0.02614282138109894,0.028945624569880868,0.4464406181511339,0,40
0.9903538202225404,0.2123492689017601,0.05814463296779271,-0.07862461538105124,0.17275460860193223,0.23217362051072,0.09736088908687697,0.08281212762625088,0.2157758086477952,0,41
0.06877704223043679,-0.5427143889930746,-0.03624949941358602,0.013462443925780707,0.16178336429856627,0.2553172175065423,0.02019731542547178,0.02322297312253937,0.2870724849939508,0,42
1.8186408041575641,0.34340136881171346,0.025178275287401825,-0.04868744325972725,0.04328297284207307,0.18794519312886293,0.04632409021254322,0.04083806318702694,0.34775598774660077,1,43
0.5175599632000338,0.23625648091579166,0.07719554964723743,0.09258537504751596,0.25944051107133614,0.035695367051206926,0.07640964863511455,0.08781930296723262,0.26447619034779646,1,44
1.325044568707964,-0.283674563934319,0.023172637636460908,-0.003290870656015049,0.21961614793046028,0.15141206480349115,0.07340989852247008,0.02394327800290984,0.27099458163610723,1,45
0.6234221521788219,-0.772884815600742,-0.05340810504927325,0.06119850995503162,0.02962382495100046,0.032518307054765466,0.04804557732045391,0.01744631520563709,0.23211386700083378,1,46
1.0401360423556216,0.3431463911855992,-0.0951198436886924,0.010045308431252356,0.2152721781966329,0.12818747899940494,0.04118717511574464,0.053608419557200984,0.32569272667381444,1,47
1.0934205586865593,0.040615401807586604,0.07401977478018598,-0.09131749342903617,0.16762608302936735,0.128060881846432,0.04578511406975836,0.03721775601506828,0.44022981120604643,1,48
0.3697089110510541,0.5446367834712786,-0.09574611782992258,0.026630275118804475,0.03370035026656569,0.029142854800670054,0.033784863684277536,0.06070675280354688,0.18061135120252514,1,49
1.9391692555291171,0.040327002223986774,0.07494033453683988,0.0902806684413314,0.14290718604331037,0.11115795485114899,0.028479964483611987,0.08234244014351276,0.47377321550137663,1,50
1.550265646722229,0.7043630006370802,0.005787426805442392,0.020322364029266238,0.15056192326771362,0.0421894486494813,0.053473572780300106,0.022343363933746887,0.37563506149929193,1,51
1.8789978831283782,0.10381367754897108,0.08781353970257924,0.06383777188535805,0.05807461664734997,0.24438821090267443,0.03416803804608466,0.06226291760988566,0.42930928507201205,1,52
1.7896547008552977,0.12187594307077254,0.059756647154733084,0.07684129266968157,0.28425246263008186,0.28482952752969654,0.03587154984075251,0.05549578843508776,0.32247627705200466,0,53
1.1957999576221703,0.75330720531669,0.0995868221066675,-0.05438404561021351,0.25649285772939195,0.030971777824802198,0.06910804571271015,0.02296709074118796,0.41180668056962544,1,54
1.8437484700462337,-0.19303426757520592,-0.029857636909657967,-0.05759103201835467,0.2040164778254414,0.2869834101145934,0.0971683598529903,0.06615986369760841,0.10648015893578688,0,55
0.176985004103839,-0.7319695430987185,0.05343765778622539,0.02219619777019835,0.1440657126901761,0.1615472138076561,0.06432734805034376,0.03462763760746945,0.42735216991181413,0,56
0.3919657248382904,-0.942434647373322,-0.019613817278151563,-0.017794306038659058,0.12941200705950745,0.09687404660662342,0.016928152035846966,0.05390508866896113,0.11605554363414661,0,57
0.09045457782107613,0.510274511347238,-0.004024875939218228,0.06797226057334407,0.1987823054737767,0.032290001830087414,0.01680252524686603,0.017404509184935572,0.455965350545145,0,58
0.6506606615265287,0.24061910270692932,0.025501092643674006,0.08000462467960223,0.16817524212800258,0.15518103774042116,0.09562808987610094,0.05136256514922608,0.4967850988954573,0,59
0.777354579378964,0.40815953619844714,0.07473542283726775,-0.02931572413945638,0.02805920070574683,0.2404095079023171,0.03675617112766003,0.03758171212385383,0.21762698487071114,0,60
0.5426980635477918,-0.5740716769821785,0.09681669383985902,-0.05262588820510359,0.15862576814339618,0.21505507840734245,0.01828602874742279,0.0840143090066819,0.18412742251431746,0,61
1.6574750183038587,-0.7272570488264605,0.05365468277290364,0.056105103048772365,0.24385704899752345,0.02456554332455239,0.06391401284353435,0.015128085429763145,0.40614534554321635,1,62
0.7135066533871786,-0.9709106686642361,-0.016446643566533248,-0.045038792890372784,0.14317956450311783,0.031141532256692014,0.06612839004612396,0.0476746547426497,0.2012105363681013,1,63
0.5618690193747615,-0.29882488238680605,-0.01572859954458597,0.06452286370273569,0.02506740749073784,0.12683325196346476,0.06836543381068194,0.051258828171829425,0.44622495326888145,0,64
1.085392166316497,0.17983537370926617,0.047516460317778286,-0.015252349270247434,0.2380206778213696,0.09563424327390353,0.03406618250717872,0.07525054686692069,0.1411370368629907,1,65
0.2818484499495253,-0.21551190980053536,-0.05224457084633954,0.0335099798582941,0.06839549681943256,0.07739145368625386,0.011359961579302753,0.061685881758118996,0.15038207855174332,0,66
1.6043939615080793,-0.12505015595254187,-0.07790517737372107,-0.08089293723306637,0.08500004211753123,0.09149130468352694,0.09685138325090248,0.0700491103474763,0.4916606220402463,1,67
0.14910128735954165,0.8083173889874968,-0.0290755684718447,0.024771864935314608,0.05776484249536581,0.24300999555609654,0.032580374112199224,0.07993443570865806,0.36953555930800186,0,68
1.9737738732010346,-0.3034890659533993,-0.04255220166918366,-0.00964646425255418,0.10576236881273428,0.27947613555323764,0.07084236592472928,0.08759826762923699,0.43875488977158117,1,69
1.5444895385933148,0.027978978319621595,-0.040738375908801985,0.017321692635094824,0.22945793664970415,0.12747978141299426,0.07359668828908386,0.03824879470502235,0.22973175094060722,1,70
0.3974313630683448,0.5673060254822861,-0.053278449790018015,-0.06639715845102731,0.16062189925614181,0.2727721906184241,0.06490066753715372,0.058422043482751276,0.37059349980824174,0,71
0.011044234247204798,-0.20691443535745968,-0.09158136207272763,0.047374748988836424,0.06941556950370664,0.10323375336188576,0.03816166547922834,0.08560972705952799,0.3376967309234389,0,72
1.6309228569096683,0.24417340045574698,-0.09642521305331725,0.07255941550864572,0.2645707226640918,0.14816672603969958,0.03439866283876592,0.09905060178685508,0.3412600480491788,1,73
1.4137146876952342,0.7247274174934903,0.0975444779472063,-0.05665203998184487,0.26507873793594344,0.07554840936663991,0.06379014544324328,0.09005673799393869,0.37301298381508863,1,74
1.4580143360819746,0.8990412473152842,-0.014445373252827534,-0.08085708889596765,0.262467743263342,0.19573805223099475,0.08794860702505224,0.043432053636193915,0.3301436692516394,1,75
1.5425406933718915,-0.7058530381419241,-0.02313467056806366,-0.09527228279073273,0.07925090130064638,0.29390452340069456,0.0952060356031056,0.02756498654967854,0.2716249477210664,0,76
0.14808930346818072,0.8531752503229888,0.03592945653861396,0.028394300088653207,0.14085940981248654,0.1850129978525798,0.019531522396338187,0.054045328366592996,0.21036907775221875,0,77
0.7169314570885452,-0.015767413840923616,-0.05634922242698717,0.02141880721775616,0.2956470002808538,0.11376608439292916,0.023934575133794787,0.0767477306652438,0.4074325323652809,0,78
0.23173811905025943,-0.4835112234020833,0.08999223679004506,0.009339482542813998,0.2338836181298972,0.19786705933725324,0.09502626329047717,0.05433121636779679,0.19050897200127448,0,79
1.726206851751187,-0.08172848752347739,0.057269002883110404,-0.05361058077680492,0.01787855215541235,0.04564699675496239,0.07628817055013133,0.053486277698230174,0.3769417224617657,1,80
1.2465962536551158,0.9600651505709541,-0.08211779953754811,-0.02181880081889706,0.02890933146554269,0.2677111332769656,0.08946944423467958,0.08544073789736205,0.19333312905973066,0,81
0.6617960497052984,-0.014763812014260802,-0.016483844843014323,0.01889526703723461,0.1445400992755765,0.15589434572615254,0.02823693707218089,0.04252634011604678,0.35013206798178154,0,82
0.12711670057204727,-0.3424967794249836,0.07582366151243294,-0.0006466282281661212,0.2736738596998524,0.1403114251914962,0.06288272839984617,0.08738152073304811,0.3988313068516116,0,83
0.6219646434313244,0.26680170863345154,0.08894640445828206,0.09755710404297746,0.16622352140628713,0.17990078865152057,0.07310256349757263,0.046612432085655124,0.1874855555626157,0,84
0.6503666440534941,-0.5197087624436139,-0.00651969775002606,-0.07271204948865338,0.15436562732994416,0.1911873202089267,0.07121006969022754,0.03954097951105055,0.12397732034452331,0,85
1.4592123566761281,-0.8482733437826722,0.022682277842141538,0.03902891080951876,0.04058737298742287,0.030814983805688777,0.046733652178002835,0.050859092007972916,0.15238949719766964,1,86
1.2751149427104262,-0.7422405561787015,-0.06659321078158495,-0.019136246379141575,0.20046623037004527,0.2079589941547867,0.011385540252217764,0.07862022628073816,0.3423987869084102,0,87
1.774425485152653,-0.7439083220844551,0.09823372522739532,-0.014360077014877043,0.2484099165740654,0.08016018729150357,0.06246334511238369,0.021340182507759486,0.43977856249029423,1,88
0.9444298503238986,-0.6961946129754113,-0.053665659723311325,0.04351955313163525,0.12032180217719306,0.21704626342691102,0.03277913852616479,0.027677729428481568,0.11799872849416976,0,89
0.2391884918766034,-0.7223456547011797,0.08854635482702514,0.03848723026487394,0.23492743676834496,0.24853509037141705,0.05052288215286014,0.09563003430967829,0.3936605036166585,0,90
1.42648957444599,0.2817494896064292,0.02992932979847368,0.09825119874043767,0.28969822963123537,0.24314796719023088,0.09618229135754357,0.025794246464322164,0.23652745838002087,0,91
1.5215700972337949,-0.6362398312017103,0.021547358975771827,-0.07432114210917495,0.06909227314702983,0.17022528054828784,0.04591317858781913,0.06109545861379492,0.291411347967809,1,92
1.1225543951389925,-0.3086654333522736,0.0025377022033017116,-0.07917807012316674,0.16176559304647498,0.16084926877011785,0.0855821445997984,0.062138301999574416,0.47154381993822625,1,93
1.541934359909122,0.7935768198120237,-0.05386603765644826,0.04486776342574822,0.0932700078445269,0.0514340287884294,0.026968654517432605,0.054066201584522036,0.2327886018943382,1,94
0.9875911927287815,-0.052076719474255295,-0.06469439359889835,0.015677383401281816,0.2399277815198134,0.23485038361690933,0.0705214448222526,0.06802707237191367,0.2861347735757944,0,95
1.0454656587639881,0.33511547704205435,-0.055902758185964935,-0.04516786668803883,0.17750207610553567,0.08870872032954716,0.09793062589950492,0.03068440532178566,0.10547296590427245,1,96
0.8550820367170993,-0.6553602575967403,-0.0627123475711491,-0.08411612620220268,0.1940289010895881,0.1540416726172045,0.019170379078564313,0.05973960409990735,0.13263948800193537,0,97
0.05083825348819038,-0.6154219623826584,0.05591689471335068,-0.0828683500807139,0.24139510628860927,0.09243948694897984,0.010748794800447282,0.04349559297222075,0.20343663645391363,0,98
0.2157828539866089,-0.9182627674670423,-0.029974948166653984,0.07883817493282366,0.1248314370721119,0.04881022526991101,0.0490224513369353,0.06955005336662702,0.11114089632842977,0,99
0.0628583713734685,-0.6621298738556709,-0.08843146468732073,-0.06162653505625142,0.2753761198380425,0.1925717320986036,0.01833629347462305,0.022710118903583452,0.3525501304193004,0,100
1.2728208225275608,-0.44281932193608275,0.09382052602816227,-0.035325687576895845,0.16457837150138058,0.02575629009864211,0.07735459147086082,0.06137896751555287,0.270559342720649,1,101
0.6287119621526533,-0.6459790314465064,0.07675717699268514,-0.054668719554602396,0.05580689862225092,0.227107117896598,0.09230937974637031,0.026674331984499138,0.3192580810912088,0,102
1.0171413823294055,-0.8225949324858888,0.0855504566390426,-0.029000738833612538,0.21181074426895272,0.10210017062572382,0.049061887543788305,0.035077875680353275,0.1698588743585318,1,103
1.815132947852186,-0.7587282577987984,0.09898156452928705,-0.08611523145078133,0.24004579162709377,0.010039060971300744,0.03328404779398969,0.02968388202912249,0.21837281177464646,1,104
0.4985844582977499,-0.07844246393454846,-0.06522095015610255,0.003811958181654071,0.10186088634958272,0.15822745037879665,0.049096298710594885,0.02645540018819354,0.3655297899410901,0,105
0.8207658460712595,-0.587332563188415,-0.020751596219468246,-0.08647748728155702,0.2585819845296383,0.023587053473004906,0.07511030360650009,0.08431398564046003,0.4861210894521599,1,106
1.5111022770860973,-0.2714602779038491,0.05164769514081827,0.060071301564472324,0.27278154388207226,0.09008917176806083,0.010814874542233389,0.035713681089480136,0.12016670944088369,1,107
0.4575963309832449,0.0068345417097137595,0.03920412361075845,-0.0532575836179134,0.09030230133956457,0.21502318136215767,0.06305085905362275,0.09344114036780045,0.45615372834210643,0,108
0.15395981965758598,0.3807896572587306,-0.069220818732029,0.00800238292090212,0.2952212270874144,0.0281799902703411,0.06519625163986412,0.09729338728106718,0.33075248052448336,0,109
0.579502905827536,-0.9213757203178021,0.06316662499812356,0.07601581751229167,0.05080634313413994,0.25340816278324063,0.0673919422206342,0.06141344229433877,0.3255678267022495,0,110
0.32244257450800884,0.5988207978180853,-0.05511188563266787,0.03017547380943883,0.06858454383672208,0.0111077775709891,0.03178198719827895,0.022870101039915377,0.30011141408310416,1,111
1.8593953046851461,0.2558007789818155,-0.055236477035475386,0.00659155731026706,0.06342520337902757,0.08157892206855163,0.07426474510403142,0.04370934190416232,0.12775763436167337,1,112
1.616240759128834,-0.8364819361022562,0.007394884578682717,-0.035133249376924885,0.2692570159022824,0.2248621762841007,0.018225233769859878,0.08179590370133927,0.13595074069446428,1,113
1.266807513020847,0.7471572482135544,0.01858798696834063,-0.03339961738836042,0.19974484017423894,0.10171834342149895,0.027934330282012074,0.04306516558273635,0.3403648022636344,1,114
1.7429211803754354,0.8417448010636264,0.016017241567562235,0.033897391039638014,0.054110242134459134,0.03954879253914392,0.08897230419890338,0.017831549647250988,0.23638342857422334,1,115
1.607344153798229,-0.8778440802902725,-0.08170263252044903,0.0988278722442335,0.13769379132682122,0.11446783645212408,0.07648508356539098,0.060110641983536925,0.4669072266310723,1,116
0.3731401177720717,-0.44624470370559255,0.07549217252607607,0.03236783796987572,0.1884364272702426,0.0884140530515124,0.011237099861021073,0.08606087663464314,0.2626362149437889,0,117
1.7851179969799555,0.6124025595861227,-0.04687999148225879,0.011556683474004986,0.03420458464692115,0.2543864516265609,0.03235386343328202,0.08163337484291522,0.15731258348105645,1,118
1.0786844838313014,0.4965193807673167,-0.07409701574343917,0.04613010204784923,0.2659007468381282,0.10087089609969149,0.02929658346938481,0.025761082611731795,0.3858875334008144,1,119
1.614880310328125,-0.6309579612872454,0.07774961597379546,-0.006958877543256373,0.2430450252780452,0.2387904168150421,0.03437256952332753,0.07054881529712201,0.21734136857640396,1,120
1.7921825998469865,-0.5813013533265794,0.09113029964595068,-0.08797153147984296,0.15650996433722508,0.2686429219951131,0.032280379325189776,0.029845383709208244,0.3101881229423573,1,121
0.6360069499437278,-0.25905579441723603,0.07242552345309014,0.012459363175581967,0.2904667184251594,0.13580705167719356,0.01562736661685612,0.029638678109695504,0.3791331142020681,0,122
0.22010384905535352,-0.030954029617957346,0.06190321494497561,0.09152505690107604,0.13115068398977892,0.2738835117177737,0.051304646493713836,0.08866645959746666,0.46010564448082814,0,123
0.45587032508388337,0.2365095430605919,0.031048396127804356,-0.06493941152846808,0.29539199252058435,0.11942223564932591,0.07594601273075487,0.03247020574662072,0.4168764779206705,0,124
0.8542155772525126,-0.2621727208604552,0.010171474121827867,0.03800097816413314,0.20369679965305185,0.28958274078213136,0.06460585522456928,0.03369226118662101,0.37054442714908964,0,125
1.6360295318449862,-0.07493056773370421,-0.08260264801771798,-0.059813262268188706,0.194054669243643,0.03589396211241615,0.07055845017382718,0.01005880516851696,0.3718532729580575,1,126
1.7214611665126869,0.49494187626751307,-0.01830935738586026,0.007165536894616256,0.058126919635777645,0.20923558728594038,0.017303426068261525,0.0883602130712966,0.4783698576128347,1,127
0.013904261062381407,-0.9266335942188042,-0.02546229659753721,-0.08066471007065608,0.26575904990834676,0.1532060717325093,0.09563416391591086,0.08133353318882212,0.21832963899861443,0,128
1.0214946051551315,-0.4951261113119585,-0.04804924324793476,-0.009925812748362975,0.13397200949697838,0.12241815358213763,0.08546426504587223,0.06645960415816103,0.10044483767847497,1,129
0.834822006297558,0.4266991717691049,0.04468402273771699,0.051232665779049225,0.057047687676919014,0.19348644483709426,0.08245812866460965,0.07752391875449581,0.20878182375927948,0,130
0.4442156209414605,0.7904136753743987,-0.0008248529842458385,-0.03048569515220359,0.013656180792970122,0.21411855657395604,0.08406854245375908,0.023684371068204264,0.1871565518506976,0,131
0.2397307346673656,0.02335488423133225,-0.08379075681847042,0.032982344897443616,0.17232914825513093,0.011265348198589636,0.09394394573194853,0.05124912351288179,0.36473383404559934,1,132
0.6752303428072559,0.06422697053063131,-0.05596335961003773,0.05908999215794583,0.16294589041557614,0.05841639573668763,0.0589828569502328,0.04160974486139028,0.3534846399062116,1,133
1.8858194078250383,-0.7856559773204479,0.036651752731919174,0.08543556389589055,0.21861255048705597,0.2167833546839524,0.028025381608086333,0.018439887363131485,0.3373845530818895,1,134
0.6464058640415105,-0.10517526635309071,-0.08477382810193997,-0.05307158362890929,0.2681748353751626,0.20325176993767988,0.0655105247067287,0.053751743669343176,0.10649737728378149,0,135
1.0375812434867322,0.06523453291004633,0.07024138280975376,-0.020136816838138366,0.03302790954647856,0.2901537764873164,0.07685933443011451,0.09286656853083719,0.391511221780259,0,136
1.4060379177903557,-0.5150589927305407,-0.0009706945972051406,-0.06951679733391652,0.2221339821987051,0.23070095917272707,0.0764125654018623,0.013605320714562504,0.22941216499419662,0,137
0.727259204758588,-0.4615135381012381,-0.0038826845346704025,0.09849670043167505,0.06434946378829884,0.28572408524208803,0.056930412175019214,0.03623148221444145,0.3660223956026525,0,138
1.9435641654419213,-0.2454316737907547,0.018481556931903523,0.08540019358485906,0.25887134541557755,0.21373674544509402,0.016161284740022028,0.02867868425851331,0.32263137140086134,1,139
1.9248945898842225,-0.9598576044445473,0.06493619318502983,0.007991426056111917,0.24752841901988026,0.0964351405054385,0.04340016445871151,0.03143319882991267,0.2370923701711629,1,140
0.5035645916507283,-0.35584166883364343,-0.030438158419561392,0.06840665887528427,0.16683018894580787,0.040555827452748376,0.09286899476170217,0.09175910966914377,0.15383050684164312,1,141
0.9944970117847709,-0.5771039860069107,0.03560323051181272,0.004191595454408434,0.21597041160076033,0.23672892037003132,0.06260040187816834,0.05212621488108612,0.13776755906419239,0,142
0.6017566196335393,-0.3450052956441707,0.013146392799158219,0.02471713760055194,0.10116153282328702,0.1968032742280156,0.05844987489301422,0.0519669471645837,0.4326073332448894,0,143
0.5696809887549352,-0.7604757363614976,-0.04659434596611574,-0.08217511357679669,0.14663869069051624,0.023973943594055906,0.03419681629439742,0.07845180782097541,0.46735901683262326,1,144
0.07377389470906559,0.7810545614797899,0.0757259972710316,0.0510540840993616,0.24827470033603677,0.1144146351112837,0.04316040279249211,0.023904298360443325,0.35991521870571985,0,145
1.2191286679597937,0.18718490710809732,0.059485204321385626,-0.07445730327295304,0.14318690718023203,0.287471946490443,0.09058114802378524,0.053853881869004576,0.14137364594419335,0,146
1.005358046457723,0.3582046382889792,0.03169036693168509,0.06521352605050568,0.11376149694437811,0.15511633225595836,0.06998167427741522,0.04869866927089538,0.2608108867552963,0,147
0.1029575024999787,0.5783424772146766,0.07011634581884837,0.05640561753407719,0.15332160970258696,0.13549144944571434,0.08086483240770996,0.06372196214919906,0.3915756800420629,0,148
0.5572929284732229,-0.003115602141885443,0.07345884019196047,0.04174893954859529,0.2501922832067933,0.14273288549619526,0.05089108807608897,0.09996019329253948,0.41192835360402724,0,149
1.8165317719333074,-0.8261594238251526,0.04167259534300696,-0.09276792389504758,0.10721033373755308,0.07057598996149747,0.06672224975105422,0.07925040046738424,0.14728744891643544,1,150
0.47912378133394484,0.07421308363709556,0.06740266567273442,-0.03937432881093428,0.0603908620093657,0.1169250795507906,0.03235452478688868,0.045807913271568454,0.10001228753815297,0,151
0.2897897441824462,0.17368223604175825,0.039494292333856734,-0.04737748601783143,0.21648406589592642,0.1172458442362812,0.07349147472551376,0.08447977470466424,0.384854818352242,0,152
0.978905520555126,0.49087894836866,0.03602815435206008,-0.027972718505696187,0.2495336816853437,0.025182955854366994,0.04848412003330036,0.02536375269812322,0.24263847039448228,1,153
1.9713009082212014,-0.13668090754064122,0.02372227564303686,-0.0824714506472323,0.039184868771824664,0.2325946122701963,0.049829096333327105,0.012741731767806411,0.20179253264730412,1,154
0.4841105430230008,-0.7448393944088725,0.05054332791152824,0.08739156460621256,0.07956349269922396,0.1307862852521249,0.06843900921191935,0.028400353521784577,0.10515898791581019,0,155
1.344271094811757,-0.43244818840255106,-0.06827897894138527,0.01076044814247526,0.05117187703068823,0.24843216717676275,0.0942652559322034,0.040637040050283374,0.31611976270459985,0,156
1.5232392306574352,-0.2738354072027298,0.07617415183978568,-0.038895137868395296,0.11090300935882831,0.25660092032476967,0.015760571194775884,0.0559522681713604,0.4404602941703927,0,157
0.47527508798479934,0.29183448266320244,0.0743687055490464,-0.020603696585143313,0.14060178388256966,0.07147827586261084,0.08422689136123068,0.06536162264870798,0.4830526585090352,0,158
1.4564326972237192,0.14155660933782377,-0.09415054339308818,-0.010559491899032866,0.22715963771935888,0.20063250982933728,0.03631447993709738,0.09195451454929796,0.3262979802453157,1,159
0.7355662654385065,-0.2878065482043075,0.06516335011295254,0.020118866672123453,0.19883279961568548,0.1469617232072647,0.04995275090557401,0.0558868608595412,0.3057845310959577,0,160
1.264611661187159,0.9730304975859594,-0.07422602650531096,0.0031358855392995544,0.19006928456874503,0.26524545399723065,0.011972199589750807,0.05511480801631565,0.13402255419569645,0,161
1.2670594215217894,0.2115496387137743,-0.032976229148171624,0.08387839464288346,0.11218873451679977,0.07256479696117168,0.037094147005088174,0.014521870884068392,0.3195491206170399,1,162
1.071549368149517,-0.525546416528011,0.04870165125832154,-0.0006073034188339432,0.25401979039458034,0.2065658280899128,0.05523681183671175,0.013142039739060144,0.2519916315861579,0,163
0.1805795401088166,-0.7964350547591925,-0.06784802079033836,0.09843160296466255,0.14667327854546772,0.18624811545328954,0.015055846961269513,0.059604396572473496,0.3428541123534308,0,164
1.670604991178476,-0.694281721631336,0.06359340482381245,0.07028499154901915,0.2939404320243948,0.0956374284958315,0.054198615644484874,0.04943607519235101,0.2554905391506187,1,165
0.6415601299434717,-0.5080845432309837,0.06642683559154838,-0.05829789712853284,0.1939012201057637,0.04961426205884006,0.09343995659725847,0.08552623554822687,0.1961196493801467,1,166
0.37303702079970846,-0.6786372534808887,0.0014935467521672435,0.08611904292878325,0.046616775053705796,0.1989755305384102,0.01948538962970247,0.024461162624066068,0.13798611009135062,0,167
0.08155028310952783,-0.6268659518973885,-0.09872282565663329,-0.07672672042290479,0.20609149300187585,0.2241932628583759,0.07879966552679539,0.012247449590534464,0.22596737783555831,0,168
1.1817858863764836,-0.4298096626123058,-0.04259237336501745,0.06348994169823832,0.10428016447519269,0.1015319296913715,0.046870394803839345,0.05041348911371134,0.13865793371510093,1,169
1.3551287236845648,-0.6532528094104904,0.023385383675148447,-0.02387534130468398,0.20903488703896825,0.197001455166471,0.06896563430719042,0.031373070107703176,0.17075878032959357,1,170
0.033175657855712304,0.7935308492528503,0.0962372356054847,0.07559486408901392,0.03019593296709766,0.12458796320733594,0.03342129381867064,0.014465293600495371,0.49493446343181835,0,171
1.024186116598562,-0.8395325086767156,0.026362705403333686,0.07361133802149009,0.06071561678102822,0.21682999615195914,0.02435430362872225,0.07521384581628661,0.27764142276264747,0,172
0.4529915503958759,0.04902277914050934,-0.04803928378716804,0.06118508002352424,0.258163805082678,0.0677724297192754,0.02444163528441038,0.020043369996152274,0.3127487066020066,1,173
1.2903455808188997,-0.17920634602067698,0.02680114061992228,0.05800608726141229,0.0758820715368193,0.2681623507644906,0.01634427510788302,0.06474875500069946,0.4494474114948862,0,174
0.3487328580099829,0.9647572338172128,0.00799707594317109,-0.03906417218039185,0.2527419263204526,0.09334878297501811,0.026708203441111876,0.035294477515020024,0.4982275601962751,0,175
1.381875476204932,-0.7759221956638953,0.05596907903022871,-0.08381614338974958,0.09099006565177901,0.11665793644928432,0.06977974464900714,0.025614644531951985,0.3330857797378726,1,176
0.7734706926010748,-0.20428880190851673,-0.07860387223460832,-0.019403964246967706,0.19643575391702522,0.026846666103301435,0.08935215506591573,0.04417763706273858,0.4249895284176687,1,177
1.873459977473469,0.9389408665507377,0.05220558050040561,-0.06529509700269827,0.211303666317851,0.04233854157317015,0.08327131170320456,0.08213011986006583,0.23077640973467012,1,178
0.2750418882919865,0.7310142517879605,0.008253315735222061,0.03899021778049233,0.15866987841206534,0.15959995178657516,0.07166208788870357,0.04528842192141155,0.22229758297891644,0,179
0.682132702100517,0.6341441418985598,0.09259840077179893,-0.030780054692442896,0.09854009624205207,0.08760187625111172,0.019938867706999243,0.07756926842899502,0.2610814883978241,1,180
0.22694704248117814,-0.48419434591012034,-0.03162556679226279,0.09512204017198297,0.07166686914761787,0.25228926546523633,0.036026870166635486,0.021293766711923564,0.36900290506945965,0,181
1.8493872365571256,-0.6582248252198684,0.026524378626789635,0.028194415469066397,0.019624912823103604,0.014261082709936614,0.037882618779022215,0.07954942776985713,0.37287667570203953,1,182
1.754678706761962,0.337286439848862,0.0864056211020035,0.0644961127268722,0.0981444563598099,0.11993727411486148,0.032496125175785914,0.03132399924159838,0.22609577385978033,1,183
0.5158832554303112,0.8587519782551716,-0.07949805440186415,-0.07349506545163031,0.19941720925407208,0.10783020856303686,0.05635050937387509,0.07096538168999855,0.1532839696546515,0,184
1.319968092068358,0.11352578602785957,0.08744569744729022,0.07240289645452452,0.28210839735006,0.0156050129661043,0.05819984333917054,0.06092033993568968,0.3529585025862034,1,185
1.6344444004024317,0.1432253789397997,0.037577144460162665,0.08455143810267887,0.2626492998562851,0.04606683571014796,0.04211973776539992,0.09362302454905187,0.1513303448755058,1,186
1.1104016231989247,-0.44004181267943165,-0.08643258817896562,-0.002587616236212814,0.23215878519523775,0.12995637572640423,0.04184102428627925,0.04485902661777827,0.33139700329173205,1,187
1.059301156712013,0.5389858663838738,-0.039807286610636754,0.021250587550195488,0.23864972954345662,0.15293072948975953,0.08457000381154732,0.01595486699509964,0.3773688512225236,1,188
0.48370458180090337,-0.6259125028849533,0.04163441772905632,0.052961960180599094,0.20284562200803863,0.12724402670391202,0.08103635634877171,0.011723993699612762,0.3802445985577807,0,189
0.18620553561179842,-0.35264152719151265,-0.08652987970624566,-0.06503227454791749,0.08548318869414086,0.1639719267395072,0.03770162485126711,0.08441727048754778,0.4013888442638387,0,190
1.7944315159066535,-0.14912712276716644,0.016434092035254658,0.000513215292688482,0.27308655890469063,0.18258818572264765,0.09224095994859334,0.0572262073895289,0.4491437686262658,1,191
1.800836114326661,0.015220757368910043,-0.030823388609408656,-0.02026739444553738,0.20451237045269186,0.012877908127072332,0.09575335153022554,0.07977196466514544,0.29998359678591535,1,192
1.2662029145465359,-0.5151805351698395,0.024183103553495428,-0.07072520156755019,0.17252778298432758,0.14458759624151613,0.03940682878270368,0.031098304001036324,0.3920996758118285,1,193
0.6780595820974014,-0.7703263505215929,-0.09085159323749743,-0.026493115541693715,0.04218694607190951,0.2894147798574006,0.04189824539137494,0.04105753709619104,0.34766909414633473,0,194
0.6984191492253218,0.2212400848832652,0.07430736123047527,-0.08636553812290129,0.13964610770386338,0.16051936123756913,0.0555070738079763,0.012709348499018705,0.17465597591907303,0,195
1.4519113577404787,-0.42273889351948846,0.09469779383547938,-0.0948376186101026,0.14350389864855861,0.2064872575630964,0.09470087312803062,0.0965343092116701,0.11027585794776328,1,196
1.7942205199051542,0.16247644284522456,0.0937755710571383,-0.07296674216903545,0.2607234467615743,0.10044051879589612,0.08886874898280804,0.07010811160307322,0.2138165542707735,1,197
1.7741728485302346,-0.6912745694515954,0.04993036634858494,0.09262302231783479,0.16852798385445866,0.23445749966430113,0.019231116632523082,0.09398845789833757,0.27721348253504774,1,198
1.5597510917152477,-0.03771979629036504,-0.0739827519738736,0.009905907179003387,0.12031615920141879,0.23414722974407337,0.045345766894427465,0.033894676668616515,0.34684237777146254,0,199
1.2840632923085755,0.06517886510317172,0.05165263918580451,0.093164432230644,0.2932720952680912,0.1611758538197003,0.05980340707747947,0.06503172501030947,0.4399837322012822,1,200
0.16827992999009767,-0.8963529263551462,-0.0950826167082397,-0.01350042433397361,0.042108972064631545,0.2930440087509719,0.05528192252963861,0.0710649971463374,0.17849828668246626,0,201
0.32325742818922754,-0.32679144361215884,-0.09557528969420055,-0.03763677338294809,0.13253904421046392,0.04640956228116948,0.027447676114320342,0.038579473023182966,0.15021991595939085,1,202
1.7971083770541585,-0.7311706461220515,-0.03527795617009176,0.0012283725680488217,0.022187155799707533,0.014914822817978488,0.08729350940513393,0.08632983115140672,0.4853919789897311,1,203
1.2128581193191799,-0.8732500590544645,-0.00227136191906685,-0.012097662273417978,0.2245721950224098,0.23334588140955784,0.07092467046971537,0.09524453166102231,0.14321782375056286,0,204
0.018394103233259296,0.9799204647798905,0.054081483561558646,-0.07886706314765123,0.2762422001377537,0.24407510583581593,0.08541175373666232,0.0896369605926404,0.2913964280428757,0,205
0.2029430857320642,-0.35529231005055406,0.03665907532130103,0.028165262938041252,0.09121082556964193,0.04486009644496711,0.0872887851414525,0.07651602783454353,0.3342254915173207,0,206
1.3270035382161116,0.6197488917092697,-0.01081945872465033,-0.05679236349808008,0.25891908627174504,0.08701902155799575,0.07735202682991658,0.03497182117524587,0.3165497683629753,1,207
0.010123167692437374,-0.4907186904724723,-0.04527466674366683,0.023917590979565917,0.09474328683395034,0.015090185376322384,0.049528954112474564,0.03534544378950686,0.1344128628131773,0,208
0.3216161028349973,0.36300544444785854,0.09942490003154222,0.030040218479630676,0.2741233468767354,0.09505949712636375,0.06494920795138821,0.09670242884014342,0.12281076560144776,0,209
1.0974675787331722,0.5204557197793731,-0.01476373955280541,-0.06959502937427038,0.22864895204306734,0.23421114343641472,0.024432886550776883,0.010925604634212284,0.14219337098441429,0,210
1.3837903953853865,0.19127748121568855,-0.009722595134064899,-0.08773007457786637,0.2434229652840172,0.16020855303664788,0.0706280875727417,0.074444497591793,0.334235073549045,1,211
1.303922519005201,-0.05684762289968326,-0.06727523576166616,0.05615231721368796,0.015221901124131805,0.11094772201880353,0.026132793016535268,0.07356215462997359,0.3177379550537285,1,212
0.44853861892111957,-0.17631817170546293,0.058961909749985886,-0.008039915246135967,0.2892150035514675,0.11780439552283577,0.07245546314591411,0.06604205868548177,0.1934963168146977,0,213
1.4243584426950717,-0.3022634669140094,0.03873644515629773,-0.08836724089890485,0.22073458770039375,0.010392551457485764,0.030663834467857184,0.09910979614781792,0.3551096567382367,1,214
0.47449817499360014,0.8590582884956517,-0.05584607744224793,0.09897326343395343,0.09837781766197864,0.0969421529939184,0.020579617013519798,0.038069149218735276,0.42802700082225975,0,215
0.6507993963185355,0.6612388155754583,-0.08352379087683147,-0.08844388780072668,0.2505244528090656,0.19747303507499983,0.02487560411286617,0.04059746774139234,0.11663158393863751,0,216
1.4929828102360483,0.9300538213330252,0.03609986041494262,0.03900704577171063,0.09164114754032968,0.29251638870674357,0.010179292169716324,0.01710454626519,0.29925197741921694,0,217
1.2992657980944293,-0.7514055530289105,0.030902242856227058,0.09673578505268274,0.2630986134741771,0.25564763982533084,0.07468656560681773,0.04985183228893638,0.3757241648410762,0,218
1.6984468209883559,0.4617349504072885,-0.04534809460035814,-0.05216397915681488,0.042648313219461734,0.016842539747203445,0.07591609441525413,0.03349436736113633,0.20092477082787485,1,219
1.3152257846006867,0.8766809136420757,0.09017271245008207,-0.07155012626256077,0.21406893346363076,0.2705825753557034,0.05634400149219336,0.040904803195987986,0.22310836211725965,0,220
1.1366172066709432,-0.6375338676686797,-0.06978842164381996,-0.07572301211551423,0.166802558227024,0.2371275398566015,0.024522652094984533,0.0851114611230065,0.34545516119575354,0,221
0.18734953565618495,-0.867007465266445,-0.013533039791479615,-0.03934497048648089,0.037994996356677836,0.2363090758355843,0.017519890375962077,0.09419360621747462,0.4591741173774948,0,222
0.735431606118867,0.4822412985801181,0.08872318403351978,-0.07979083779787066,0.0801492101950633,0.14281877011103572,0.011721606979355832,0.02671597648046671,0.4239697681211597,0,223
0.5304047353634509,0.1489462263598238,-0.016054536614775544,0.038432268338826375,0.013597170520421288,0.1254215349568058,0.024917335926869864,0.04352580383981194,0.3332520876398334,0,224
0.48797928675816715,0.6836575535165441,0.027705189532817115,-0.08754164037398747,0.14594270998470668,0.09784556136162585,0.0901769981484832,0.09357675059038548,0.3920886871028997,0,225
1.9460211095048912,-0.720455246747421,-0.020481120407441142,0.001884425629957942,0.0973669256204001,0.02905150909676607,0.031738315753151364,0.015562761462030037,0.24592898808311947,1,226
0.7861954493335208,0.5905346237197804,-0.045156959530265994,0.09933937077059538,0.18352367044635004,0.07618825541317273,0.04188441944954942,0.01831244753002407,0.3563862112395031,1,227
1.7840931103542266,-0.5967453599045109,0.09679552959196566,0.06279405390120377,0.09619896423549898,0.08151505414362713,0.01948109360331999,0.024651189028560644,0.28647263645102283,1,228
1.2622772519945258,-0.672688114268591,-0.0181331987369914,0.023043887646202174,0.09697654233702555,0.15038235021595847,0.03001251742733533,0.06356915507141873,0.17597445458302438,1,229
1.5896226070832968,-0.6714684041380141,0.0788198407358269,-0.03874927584267767,0.22552602763216498,0.22675887791304125,0.05673021137021847,0.023542504390539773,0.3806953095509029,1,230
1.0052741862103842,0.6291494404627642,-0.05400907882178277,0.024779167258327697,0.0239614224337225,0.1474048502354045,0.06469774147860874,0.09712687433056602,0.32258585493952885,1,231
1.1538077692527182,0.33039444139240026,-0.057379059194983345,0.005408292782330321,0.2718395486056763,0.026774890339676574,0.032081708274959,0.05020430745326684,0.24344863278143658,1,232
0.9850353876377278,0.04613084953823865,-0.09377318342309773,-0.014783323221925701,0.2571565235734426,0.2877590422865791,0.01519589433026055,0.05513661643151498,0.4645356760314523,0,233
0.390485975596089,-0.282339031752995,0.030333365075177005,-0.07385792465196012,0.2036633581356579,0.28339005253729255,0.045192958221465886,0.03219927542248659,0.1083736471306933,0,234
1.4449042305230106,0.7544010816262166,-0.02629473125524777,0.07732084304809336,0.18203425533114145,0.23770496751303843,0.031078303383370073,0.052386422719126025,0.2263092604997984,0,235
0.5615447248817116,-0.21510978515472923,0.07287164996792742,-0.010043070235735502,0.2687677244604991,0.29748509145362395,0.02975985309068218,0.06957222693733105,0.12275255911105863,0,236
0.04863193286290768,0.6331988789431542,-0.005358018661688571,-0.06107549763584699,0.06374575206332718,0.16789987651207625,0.09638765224421098,0.07760594232586385,0.40661092648865094,0,237
1.2909445918143356,-0.12173018285956316,0.09363868558294436,-0.026448129824542074,0.0329010570353403,0.28920282157342975,0.06546704373331518,0.07784812744389218,0.3808429816455171,0,238
0.3542213588140979,-0.24611114115018484,-0.06289489685937577,-0.017174049494214597,0.07945794927376604,0.031925461778857724,0.060119059885488636,0.062010200142467956,0.23254088749452684,1,239
1.8809171687058286,-0.07464042866078713,0.07372463359112216,0.06550757911337488,0.24042770082305517,0.11604741699579767,0.04741975931709898,0.09139237974944715,0.37026516088282924,1,240
1.9078571540051747,-0.39724425167171584,0.055319370558348346,0.046722876112280404,0.020054377350680164,0.07536056772196208,0.04860499000871299,0.08356670625754985,0.2583748904783799,1,241
1.829728780440897,0.49521876035250223,0.0541843689288104,0.05386097872826798,0.179013982174212,0.06679159439893831,0.05868145034542728,0.0781343303228763,0.4025015165689737,1,242
0.7403174005108888,0.005440780184958305,0.06895664562337753,-0.09779374711427057,0.29867687969547985,0.05083285517887606,0.07267868263324966,0.015004496951241456,0.28167346509468244,1,243
0.030913233057734857,-0.5355746097063654,0.05220479818859977,-0.016769200364047693,0.2581518672128864,0.19049995605413902,0.07319314865636466,0.010619016599768438,0.2649118911326662,0,244
1.8566371251754508,0.7991491465491369,0.025244064326283067,-0.0037311696729352695,0.16121924982264094,0.23658333816671845,0.02545245169349046,0.029120254947592572,0.47389196619532037,1,245
0.8563682966346287,-0.23221755725357718,-0.0737510244635225,-0.09616154463538867,0.028455863693126277,0.1777065358319046,0.05501014768689644,0.0697171234522107,0.2003516399562801,0,246
1.9333096380873391,0.08710572222797719,-0.09349476410174962,-0.04803735825099316,0.2510983191718558,0.05261918578058081,0.047076228553069185,0.04700777399942913,0.1481789359986262,1,247
1.9272399541785057,0.8129442219290939,0.08416956956313737,0.052057964624426994,0.18370376737139105,0.24522589328070654,0.08834742696424458,0.04621656333693806,0.3338172453037833,1,248
1.7060189109347201,0.2484759918279842,0.023330062904147603,-0.0725780588542002,0.04333056914727438,0.19442686507748125,0.06682770290965388,0.08961281994066524,0.4877287249136716,1,249
0.5888977841391714,-0.7662039185832719,0.05930745819523528,0.007062026290518331,0.0372186125987733,0.1225680547768287,0.05792536597743837,0.0906006563318655,0.25113568549087467,0,250
0.7701954572038505,0.8796642472269502,-0.0036955296974899854,-0.0569596255965525,0.2737917776366118,0.20549778570545826,0.020385517796102565,0.09182577376482272,0.12481470545151262,0,251
1.7022733430337138,0.2554161061428357,-0.07653836220752111,-0.09757584507122136,0.20406807625204273,0.08537244398042151,0.06450741003910704,0.03824902688635246,0.235722106923827,1,252
0.6338440103125553,-0.33018877068582775,-0.07496284155948992,-0.051759708480091704,0.2504931718018591,0.11010574046332104,0.02054835151122101,0.07219502314653356,0.3023726617278234,0,253
0.338985493372185,-0.7214558546732255,0.03711305744579427,0.09517475098201075,0.26490388108185753,0.27607089450827715,0.04034859180091769,0.03444698631469327,0.16476920265288547,0,254
1.1136025249167003,0.588050378540592,-0.013938821020107461,0.06030742237659792,0.17581398209401344,0.0942463066447119,0.02285577683328987,0.02715488497670048,0.36324088722259684,1,255
1.872309548321562,0.24014551185702704,-0.05989505465993266,0.0919153288642067,0.16005944200896197,0.14629659776580162,0.0722866282321932,0.026616921161263234,0.49909975560408026,1,256
1.392059593349946,0.06692218395264304,-0.0016810906517126245,-0.0024291912147275108,0.13482394899308714,0.2681409298448442,0.028562690245253736,0.04078968587772347,0.2806957903925775,0,257
1.14012234017873,0.7877851661019153,-0.0871582125849732,-0.07805276026449931,0.10191451045942458,0.21523919157758295,0.045267343586922346,0.04869618578018396,0.24189142269208508,0,258
0.19435298754153707,0.5771944224490615,0.016394280382879753,0.009591897794738596,0.1360328286490264,0.028038935587763797,0.09061072998569009,0.08478542539495616,0.26028166673378667,1,259
1.2300144533983395,-0.6966502405344976,-0.04620131911298047,-0.009124533088007827,0.23442510016174534,0.0527178828409014,0.028388474505907327,0.020790198412544092,0.14605847135808048,1,260
1.9801077002085266,-0.37655586440890354,0.05951182012743764,0.0688714165479232,0.18455779499438815,0.012274061323855877,0.055702455756290126,0.07614332626554048,0.4533094405704895,1,261
0.28016803047304806,-0.5030217203710685,-0.03792760821528525,-0.08038348384315108,0.26883175408690535,0.19296731916645737,0.04773444950494198,0.057830942277037486,0.26593026220854077,0,262
1.0366593047274735,0.48789258514535394,-0.008955970183639764,-0.002351772595644369,0.13858020416996444,0.1398252933690213,0.011631163694115676,0.035915080840839324,0.2549097645699365,1,263
1.7547461438559109,-0.9329351305284412,-0.09767589201837988,-0.06999026706120315,0.18605597782843866,0.0489397067616599,0.08134823022155316,0.05435376260795422,0.3638761091721897,1,264
1.4815372355084089,0.13977936974263305,-0.08551062244108823,-0.035064814621988,0.19307919039667673,0.2878008951064634,0.016214131568313975,0.036994786279932045,0.2768133683724494,0,265
1.394031481990536,0.5249173714813811,-0.02150128871866304,0.047471415477559925,0.1815921770688344,0.16360131994422977,0.05268295188792583,0.06364737597144754,0.35929338752313844,1,266
1.4049681679742185,0.7535312735234989,-0.004012233056575304,-0.0047963741262467,0.21376379419479974,0.08014905529273786,0.0604610465445055,0.049045953056971986,0.12457851605231501,1,267
0.7189823024395103,-0.3158365025681851,0.020004109623860747,-0.024822342970846137,0.0788557058286938,0.15517503563486518,0.06655838109531284,0.024796497617099088,0.42548933748889095,0,268
0.5871836885289867,0.6425146093440257,-0.041667484258139355,-0.021104744285992932,0.1585854954882793,0.20708989649318127,0.07197684663770881,0.020492476710012704,0.47620158115176103,0,269
1.6187223109570272,-0.7787365260895855,0.03899637722530852,-0.008110646318802678,0.04022519281442082,0.032109373212333696,0.03279451451704436,0.05920261138649172,0.35950615446375445,1,270
1.6202267893583615,0.6929045834690364,0.07202447943784093,0.05700330876741139,0.12150828501699562,0.08966410636388866,0.010898089899260444,0.09121717299574932,0.48182637154352437,1,271
1.7341446371602074,-0.7450226753360352,0.05597019777866996,0.0784169377880469,0.15142344990016668,0.24401999235635813,0.07510992961194209,0.04095619179019171,0.16057292574798532,1,272
1.8264811051129426,-0.20542541887926546,-0.09207623493032857,0.09106693730078566,0.19914503526818703,0.14330281241677176,0.058209093941282083,0.07597000965003609,0.2909664757921415,1,273
1.0226847977218756,0.5945907315591072,-0.0038986105484342115,0.057380677251059026,0.285654005249999,0.1685073711893655,0.0852505932886524,0.06927952194457904,0.3407226935781789,0,274
1.0030325893743992,-0.7001651453024524,-0.07901396431636504,-0.03691862085039746,0.1841888092990232,0.1355166406407461,0.0839249526610625,0.09383994228785329,0.3326946589684747,1,275
1.5965903579335503,-0.541497209534717,-0.05159099682749451,0.03762694121730842,0.22564223569120234,0.02273098336647148,0.08589935510090949,0.08388829155692268,0.2605847116356173,1,276
1.2999278615555303,0.44450513678613257,0.09733251865342929,-0.012479375188921615,0.15681715725360879,0.058067436147845215,0.05365851939815862,0.06099447330149168,0.23523376374650456,1,277
1.4039337545154067,0.4400730730921487,-0.07150089141969736,-0.049065875590789766,0.1938901690991361,0.13920707523514836,0.040026555625317914,0.06913274484106967,0.15072960902016752,1,278
1.591585338872202,0.2822952657705946,-0.00022236930972878433,0.06817431588518452,0.030570342678794292,0.07066378496829906,0.08124023823322331,0.09085478199256314,0.2566969802249113,1,279
1.7800106836351326,0.38789688893420005,0.023631146863623817,-0.092314730207535,0.08377355844413562,0.02449391831130683,0.05061647017263295,0.04595669061282414,0.16506432604219407,1,280
0.6759903137030716,0.08544888669519235,0.04049299410882079,0.08035239842708472,0.11493739702949021,0.25465840257502886,0.026509797676309108,0.03941152352719997,0.3937462705968874,0,281
0.751165905279888,-0.4964018821860945,0.011929736697382815,-0.007704507075053171,0.14702307295188893,0.29454583345759355,0.08694766176053269,0.01097299752716767,0.183532374197836,0,282
0.187963879681738,-0.3086080129921611,-0.09804583051616328,0.027440295361656097,0.023238136195691282,0.24001143345905443,0.08943038890951126,0.08438959667723178,0.12342612211381354,0,283
1.156560281992348,-0.6368045663971487,-0.034707738351201625,0.03187078444115654,0.050606988290462125,0.2575976272943534,0.05196787805261532,0.08208826303630284,0.32094645512689374,0,284
0.07188454759348417,0.8169011226672567,0.0035423286769422913,0.07902354814130727,0.09027614925947866,0.08017336779194315,0.016812975457880873,0.01940090662901363,0.33809189308776066,0,285
0.9311960362649203,0.16678358953224093,-0.08242670017103333,0.027333936433441453,0.2917444803613047,0.28858182289882794,0.04490434809252382,0.06191716430194303,0.44876522451220224,0,286
1.0852892694151532,-0.19829716647272022,-0.029874613758163845,0.022786716952012356,0.10609063205988471,0.06710845429149423,0.08231838935163431,0.05175835283501987,0.3307926449670727,1,287
0.5730825042565688,-0.07598839271173463,-0.09335937824172669,-0.08666959188786201,0.14979190685250393,0.28591464500493136,0.09115966256916058,0.020683818595820032,0.2381923414893783,0,288
1.1816665211380215,0.8945666792236306,-0.08428430056899586,0.0036816043890408184,0.06686833669413395,0.2984975952501258,0.028312546824783624,0.09825114043546512,0.42120475261052825,0,289
0.06100049987809886,-0.6932971937678396,-0.020615344759680784,-0.06996619983659168,0.1871262206119728,0.21639961366635413,0.016027625082274437,0.02932262987170199,0.3161115572749684,0,290
0.07469637749842883,0.17245966403359447,-0.07345684919138794,0.04748675374429712,0.09139813249963254,0.29453168221962833,0.08896154078195548,0.016051076208150505,0.13171211385247672,0,291
1.6452011213193165,0.011777357768931962,0.013508169652311636,0.002444384162534896,0.07002784774714375,0.17516653607446006,0.04504644450809878,0.06353626415517187,0.3263402241252987,1,292
0.7203812828225258,0.22290847086929566,0.03789299382745315,0.03604555584167066,0.15980606224933394,0.08526711712106619,0.0587584867840807,0.07649800094197294,0.46320741816866495,1,293
0.25412102530376957,-0.963779632358319,0.06011733982181658,-0.09166541987952315,0.011596681756522039,0.13672880684303004,0.09712592308456831,0.012919910144246828,0.25852505019928823,0,294
1.0444865201096087,0.744247817888303,-0.05996995115103798,-0.08304159679083936,0.012222569468275345,0.18213267125984792,0.01599082551228006,0.069284587485432,0.21853032075992004,0,295
1.5399871061972217,0.8642365649672248,-0.06650348354818605,0.04326467761253644,0.07352995463953875,0.031193652987834344,0.0683486206706886,0.05790626883563091,0.15738778280720803,1,296
0.43164205499368635,0.13026636717841789,-0.07908643193311996,-0.08558313280026533,0.02064919512523813,0.19047954673900136,0.01666948803173804,0.01929385079875436,0.16057820877414294,0,297
1.2457809516380005,0.3933016477537845,0.02728604990872735,-0.08574865444694829,0.0413274686979005,0.2945415726610654,0.04379220356198504,0.025527148925172587,0.2731085937367276,0,298
0.170694929987536,0.8449987623545914,0.04129514529738024,-0.09757830495302251,0.10826958830823795,0.06513121843728101,0.0823433090674102,0.061117686758447254,0.33827192966461184,0,299
0.1033634423372154,0.41447726862679724,-0.0936827710348716,0.09130027965989604,0.24274984707814573,0.23985258372363116,0.049012500948007104,0.03667218521619596,0.1322461620678407,0,300
1.062709263136296,-0.6949219141714773,0.08724244924873797,0.04750167189180138,0.17589410657709725,0.2732906501960896,0.09974641185126554,0.09444841557861845,0.47582743561006635,0,301
1.081270243220213,0.15257672033362635,-0.08960574326970552,-0.02934971829958717,0.15867364052736077,0.283673461917864,0.0603153356451942,0.08368662065356458,0.40205344697807843,0,302
1.274859802996413,0.2134300927657118,0.008259267060214098,-0.04069288374246896,0.09511175873035527,0.2884393252775797,0.038904593737235815,0.09852104858622968,0.33464956731346507,0,303
1.452182667445323,-0.15173865739522796,0.04181210389018328,-0.030059354050830087,0.28020857863551674,0.16122329522922685,0.02981001933142778,0.03337037550553726,0.43137546837559637,1,304
1.9517041589250692,0.47288847124944566,0.07419382474921712,0.05493070623623639,0.12513436195878558,0.2934192933175361,0.04154684808575457,0.09727512695181793,0.13207470272484534,0,305
1.0326006966023906,0.8687340295380297,0.042817386426485554,0.03227412221408288,0.03525690237077373,0.22961996006898727,0.04352799463835958,0.048811048281240214,0.2907355510932498,0,306
0.6459129458824919,0.8511370258135527,0.060345616613958375,-0.06296088642650641,0.18894928967416236,0.05688471650871895,0.01618423099515649,0.04127669157823792,0.3520372507446654,1,307
1.5903723895374073,-0.09832125719173579,-0.032109961491438785,-0.06517813293318314,0.04301313410821441,0.14830103087571128,0.04326167794840959,0.014531457427241792,0.4314611624473157,1,308
0.5416645025241484,-0.7735239083184895,0.06296502274930246,-0.08032087005732054,0.1101147114124907,0.21831604085788114,0.05178146677653025,0.014748873207364236,0.4133878240197071,0,309
0.8779428414112722,0.9696823979246691,-0.08397703072306498,0.03206054394026764,0.15714946222816456,0.08172869158753415,0.07504639770149242,0.07228101303519893,0.21082769988535988,1,310
0.15691276268453191,0.6777961728918682,0.07896333121210553,0.0528745324443472,0.263524532158701,0.19577840322917733,0.06910565362494472,0.05121360949906252,0.4763520678236818,0,311
0.05070148683091502,-0.7506746375934663,0.009518475230747253,-0.0469907143349992,0.15312850829863442,0.20331413892351957,0.07378890897062389,0.030386946343249517,0.14973833657234814,0,312
1.9252968293558501,0.8416837652347446,0.06345955399249875,-0.09581100779381745,0.21365504214918263,0.057182925704484106,0.01075273136891714,0.06525732756927094,0.4500534474484609,1,313
1.6719602410244117,0.7397927241242566,-0.009536343096339966,-0.08356566650471453,0.2979168833097304,0.17387474061129932,0.029590065962248245,0.03275723064251001,0.4883760998418475,1,314
1.391948412187396,0.03767611425214423,0.028715539039304988,0.09357200696900611,0.04813184477041467,0.23377180418379623,0.0695515859559871,0.06198685789099804,0.17086140928905025,0,315
0.8179058888285398,0.1825508714898585,0.005280532187222645,-0.04091104450451595,0.08967214240066065,0.15467974271542315,0.05355904313617725,0.04232878722844214,0.38882642568151415,0,316
0.34658864014169155,-0.20199459225973948,0.046317904351066363,0.05384462956762673,0.12442706192331744,0.013509903865071154,0.010478212810151136,0.08411970039506372,0.11611420751119939,1,317
0.3128740853421721,-0.8904767223559373,-0.0836740035938821,0.024932713770852752,0.13233017177626108,0.012621156032994732,0.08240451781886401,0.08386265446901014,0.262169130055662,1,318
0.5004857963291907,-0.32960551670819815,-0.08792958320188725,-0.023612072069420814,0.12919611182700827,0.11353850975130352,0.07955286159613037,0.05296153583101613,0.3065133196790696,0,319
1.098453329412241,0.6057068971960229,-0.05057935319797072,-0.05886254756088898,0.27320719074140093,0.2785962798452168,0.059357724669420645,0.04157371984015141,0.3322580903638537,0,320
1.4291918454001247,-0.9907359539907943,-0.06809106397736234,-0.07572271636811873,0.21706946689538836,0.07631626608504653,0.01598169931986449,0.04263038169031851,0.4743748992994238,1,321
1.3203947534354625,-0.33300165661771164,0.07435671331844035,0.02300259360777332,0.1862925120863041,0.19396546977278928,0.07898635445793262,0.08251430731013962,0.36890027491767785,1,322
0.5598677938918857,-0.20366261281811338,-0.05615720252839114,0.0549267561275576,0.09971808818020679,0.07440200250106296,0.06253422289582276,0.039536153451785086,0.2925111804876948,1,323
1.9097305613263882,0.07479120587584576,0.09517305116382627,0.02878085070822614,0.24889921142417545,0.1032842970012691,0.08037639794421633,0.028815343633616146,0.42387001450635575,1,324
1.475793833391537,0.839711232825521,-0.03262084164577864,0.006060426649831668,0.2869675483306468,0.25593220598443034,0.07765722931562564,0.017621950768777615,0.48021312838176355,0,325
1.1087081050228014,-0.3073080112680775,-0.06357641686226015,-0.09160975531367276,0.2481475019395657,0.22136981825828458,0.08227018647620535,0.052002380879596764,0.10882645947291635,0,326
1.2234414924687045,-0.3060935962075446,0.05793970142849583,0.09369775551887677,0.010453880505527143,0.03766579042083108,0.05662072597641624,0.053391888902785775,0.49300850890241554,1,327
0.8392001248555798,0.47500249621949675,0.031741555100175234,0.05974283833091493,0.19455639735318803,0.13432358608606573,0.02262920663741635,0.08568178393626165,0.13445285562547216,0,328
0.4954619790023149,-0.09556411822038569,-0.0003608567093722065,-0.041435592659807056,0.024829260618209212,0.018459231457126697,0.07040417260417199,0.029911482680145762,0.42575471170750456,1,329
0.7119453573025232,-0.5507903541200361,0.011072710187526244,0.09599406587177015,0.08470609389677933,0.1494581425148726,0.06584264065467736,0.044289214630156,0.212133901020565,0,330
1.5156922209287382,-0.0951209677346132,0.04384035565445277,0.020376317927264423,0.02726216310085379,0.20210586339330974,0.07680278684791784,0.08275651650043218,0.1528718631015487,1,331
0.028786977259511737,-0.7182859592404003,-0.05430905173374026,0.016484531641449293,0.18510068135532246,0.04436576084346395,0.02528929054456618,0.08412612496740762,0.275942255885534,0,332
0.23214528101383247,-0.6472260269875534,0.09926678321134838,0.04961463588590642,0.20911107491285597,0.09377663228365803,0.027547767991026033,0.044614996838089144,0.3575826317790455,0,333
0.0920052840435055,-0.0032644545210405163,0.09495863242935662,0.062353957618027506,0.043201415039112484,0.1253726213956255,0.09013685654973957,0.05132116209580129,0.25238073800939,0,334
0.08145760463794027,-0.16214910099090418,0.030065137269387365,0.031295721466300525,0.12131327608304404,0.2766639971502544,0.07749800186068638,0.03729573017643547,0.12182616331307959,0,335
1.7109211680220144,0.8296918021362001,-0.060091509814170975,-0.07438085072676,0.14230858759710718,0.2980439544726596,0.09174056398302907,0.0939299390577381,0.33978445586348666,0,336
1.4073157187600474,-0.2752122017667338,0.03604564848625827,-0.032346498801100326,0.1170253763106658,0.0230242767087286,0.07828437890475287,0.02067793891674223,0.4609613104442699,1,337
0.9483476581746504,0.1611767005560869,-0.08556031820416483,0.08561672806520995,0.04509725014070598,0.23069229781366368,0.06374397753912717,0.09403744807013231,0.2532861463789007,0,338
0.19566832130200296,0.26452857583906075,-0.09386949955883879,-0.05507687763122962,0.13149485915436787,0.11779997925667952,0.06887194633250864,0.0715479806651809,0.18653311105233084,0,339
0.9832317502336647,-0.9738110868233327,-0.04846342229775727,-0.02556659523249734,0.22784163386444126,0.1238128740065492,0.0900215131546009,0.05784149374180581,0.2770309383731262,1,340
0.9469435415611314,0.3270747440334212,-0.007475408652136736,-0.013584623411160804,0.030592222714644082,0.22873684227063656,0.062092607906074654,0.01293931547060463,0.11934508441951236,0,341
0.34640373982003037,-0.6439280662604971,0.07365450108167612,-0.012119002061109566,0.033252204083752,0.2763436653221685,0.06691521918955487,0.05280365726398075,0.42819503379211,0,342
0.8677032984759461,0.9221406349389103,0.0454338139532616,0.022587916498905097,0.11288367463243541,0.285769292405739,0.024082904440324054,0.04669732945024591,0.4305363243800747,0,343
0.7970094687947469,-0.7026745444937741,0.0485413042399962,0.08861516754894153,0.2831004563694883,0.17736554995111303,0.052652909810449254,0.024509693077761033,0.33520018537185137,0,344
1.231700196104433,-0.17075175254595254,-0.014901333110384926,-0.05186145763349901,0.20388606754964508,0.1135651361971458,0.07447574007622891,0.06907686431505913,0.2412411555753558,1,345
1.2701873017352876,-0.8293006638427123,-0.030813001490607422,-0.0756997247398164,0.2068142874350438,0.23838923489904598,0.03438484284847289,0.09740358166314572,0.4199133457783134,0,346
0.09060801954408904,0.9937485036918947,-0.025792247403079463,-0.06050590202801254,0.11495679734298082,0.08279040114606706,0.028202876247208145,0.060596992995807265,0.3218748099153469,0,347
0.7492252292529424,0.004390020662485172,0.09752991274721157,0.0773849800418539,0.18216162945047615,0.17358146836172014,0.0382444127401974,0.07432779487995513,0.43037292342000655,0,348
1.2517198314284728,0.19077003464008757,-0.0919781617175035,0.029162162531041202,0.01293804336804558,0.1139877538422132,0.031735056519355015,0.01616054073094151,0.3525835170332082,1,349
1.0062725171601754,-0.865847045223145,0.07340629922448971,-0.04281864215216798,0.19446785345876724,0.20042301137528407,0.029342137333275627,0.04759002962352953,0.413762189285119,0,350
1.7129796823766446,0.4999209407983556,0.015735081714478683,0.06318938779372346,0.27485321479710867,0.07971568473911698,0.04823657585812783,0.020472263664804632,0.33942519728710396,1,351
1.31738726323789,-0.5801888138088285,-0.012276916162081902,0.07227399927268721,0.18764630581999756,0.06556195426309946,0.09170546624951807,0.06515162519828595,0.2656564272862665,1,352
0.3258688541628594,0.7961085788814275,0.04505153208302731,0.0693028677380556,0.26337259210524006,0.2762893351358767,0.05563536820648465,0.09446339423927391,0.483178343970455,0,353
0.1411374948008597,-0.5897207190359857,-0.00266621171505943,0.0837853067279109,0.2199521860851672,0.0395230680553657,0.026912834273379073,0.06955999592244747,0.3164455299515379,0,354
1.2848385564126312,-0.6186245586726669,0.07468464761633212,-0.04955179596532769,0.04496194075707017,0.1567277932431302,0.016927450244278667,0.016912274348297937,0.34203580741621536,1,355
0.053022621083243626,-0.9269006643038102,0.0801403728022517,0.051008385749255675,0.27171145911289407,0.07404730705927258,0.07265405306241328,0.04191995844865746,0.1881950557658997,0,356
1.1715511625469266,-0.055866109780001505,-0.01565581462530892,-0.007892100545172004,0.029268714863174713,0.02128968936444356,0.04445188879927491,0.059559704149676644,0.35026031577091066,1,357
1.8804604828499152,0.12968226652523285,-0.044634440552989686,0.06839971057801231,0.16485056703885148,0.02044545730451365,0.08396478519268234,0.046288698051992705,0.32864305979317754,1,358
1.150948355751758,-0.8685827211432953,0.01847006571867245,0.04569813543232265,0.05121976590010272,0.06081431391068993,0.06935596917766933,0.08502796094276552,0.17393535917880998,1,359
0.7763398524130438,0.5510552333900212,0.0824726691233382,0.05528948929994493,0.013394917111962178,0.2613634028067401,0.08166173054872317,0.08332039042389904,0.12383483894125749,0,360
1.2865764368847064,-0.09342233050394477,-0.057867562198866684,0.031232367536214306,0.1323899354370153,0.09191883575333772,0.03447514354766039,0.06506479180928994,0.34174372788590845,1,361
0.9165057809830333,0.04878053865516008,0.02459331671269656,-0.06451424610605863,0.0955618052197053,0.28563315946683576,0.07231230302149523,0.04361121506194348,0.40547690774012823,0,362
1.0912335786318699,-0.11847450612354371,0.02631204401850412,0.009005383779387671,0.15094014320130486,0.17867046496686612,0.03376557862243469,0.03298027363869198,0.30936054836880333,0,363
1.8829296175530503,-0.19847387824934803,0.04662260448305619,0.09693394790490165,0.17738796715301974,0.13661811503294216,0.09451616315052624,0.01952868863918164,0.1907090501278583,1,364
0.7722052756015485,0.11928066261643577,-0.07368646297454805,0.0874776132994238,0.022684330969594733,0.17822576205414184,0.0672736853380037,0.04194079151378987,0.36660879067721397,0,365
1.9223811276478284,-0.689519508138575,0.043164992936417707,-0.09136525284059767,0.045670955585886235,0.15984253171561766,0.03920606201578079,0.04718552654869476,0.1320422906438409,1,366
1.8107012839121275,-0.6361437390094578,0.0818065041331282,-0.06703703685411258,0.17200629497062334,0.2300451135896243,0.03425606760630454,0.07082406325936663,0.27673348192078184,1,367
0.3915822695785929,0.7235712420270346,-0.06406337822595161,-0.07365424530908762,0.10951853242007087,0.09192385913212714,0.027183392656447918,0.06923438418678161,0.16534670335936807,0,368
0.1387226017503309,0.8922309242672655,-0.052491335015224475,0.0451959819970591,0.22146031138933991,0.11238461356408767,0.07251768630043551,0.016309732567713127,0.17378362042395334,0,369
0.2015560027548533,-0.2533813674404941,0.09427901880832792,0.06355706597138902,0.1991645780916625,0.2692873477346427,0.02968440516981346,0.04557333838880421,0.18091757966328148,0,370
0.036443651303099456,-0.45851065371289246,-0.06380460945810204,-0.05729772673786562,0.25522526526707295,0.2844723888136176,0.06357729393347401,0.026360098049562575,0.25468282281759114,0,371
0.1888859215118568,0.2879990864780315,0.07087701867391583,0.0011705385903657967,0.21082291973407533,0.2688418859710776,0.03381715242328216,0.024113143478512514,0.12046008224815906,0,372
1.3660135468327137,-0.1825316578038072,-0.0015444287103930365,0.06814060560224,0.13468001244314295,0.13163991824762092,0.06957720503144818,0.08445719347635214,0.2591173763716393,1,373
0.14237729692045797,-0.9492272886793103,-0.05055378511936459,0.04656030895325011,0.2051603204943854,0.2363059958719957,0.08334457556864854,0.01377236950446318,0.30468297884588036,0,374
0.6379512605875226,-0.6876948052676193,0.07414998025450228,0.00844744109836966,0.08986054053407136,0.14813736265731864,0.08002227188301879,0.04772645883119093,0.29331771398653006,0,375
1.6897506219389091,0.43194445769479506,-0.010938948999466902,0.018069538091754572,0.09883091464568167,0.15428655712236963,0.07847661978377035,0.02513832901898664,0.25311364016121624,1,376
0.04654387147165173,0.3178478838203027,0.0029634707859380327,0.0016721093832559875,0.23880569637703006,0.06935723162661234,0.026895016512302687,0.08913971941106266,0.43565864322830106,0,377
1.6289369651778716,-0.945808014993033,-0.028153326120046868,-0.04049030973623589,0.13946165975645883,0.18142778794496978,0.017954645228606687,0.06013364619475317,0.15813067696820166,1,378
0.5637095495467999,-0.5560556761341011,0.01859017028698548,0.013004398571803216,0.24153029875032223,0.06397941034847089,0.0729053945638647,0.030824257273916328,0.3022786975125496,1,379
0.2363296552433125,-0.5378504068238572,-0.06729522548299545,0.03777706041001813,0.24850248836380073,0.10615376272948618,0.04315124924149162,0.05521845584497388,0.12481656678262172,0,380
1.3934743307283013,0.34378548719745683,-0.02178369266964786,0.07466458317216154,0.25869307792177226,0.25795875846978117,0.04891116037630126,0.07583377237328043,0.1284622715511639,0,381
1.257885693559768,-0.9605789244912717,0.0938824644670575,0.02725827079584961,0.2758242183939501,0.07005198467114801,0.012803418351405197,0.09623062080274905,0.32954633987083853,1,382
1.754944027054106,-0.7917828360308523,-0.0483733134597745,0.0522243074086316,0.1349857139488559,0.030635902700295516,0.03336188043475443,0.02984014038208771,0.3264073699551284,1,383
1.4701420876077715,0.5998321707463787,0.031347332908258446,-0.0679856730090854,0.10247137731313025,0.030012201857716726,0.013030876348701762,0.08975635949164107,0.45121340513778285,1,384
1.6069618607696972,-0.6429106758913328,-0.03496198715506103,-0.0076885051160420215,0.178837636512293,0.2828275109459013,0.08912671953411229,0.09408737027507413,0.3231494702640293,0,385
0.564069145142613,0.3054922157037494,0.054694625137320124,-0.09813367603458134,0.11764000279691199,0.15700692700893204,0.031905701489667745,0.09247784900788597,0.48391640816194015,0,386
0.35487908755944564,-0.523634437906547,-0.07382526785633003,-0.0506642270956754,0.18431150837206756,0.12872950082693532,0.060160345261570734,0.06718729211757189,0.11947793935997192,0,387
1.5012295032817167,-0.8011172144813097,0.09396420901570895,0.04529234302260096,0.21461990016670912,0.24515478849229633,0.013508138859501738,0.06668385889912369,0.13920307391229644,0,388
1.613669478534528,-0.5136556180010918,-0.009242091723272144,0.09836199026987269,0.2096374553627197,0.2523895190940496,0.07001626521750923,0.046288956986544054,0.11762634462815257,0,389
1.9810102840013466,0.4445338637113183,-0.05278990733070721,-0.08016438008255683,0.11862033723583518,0.10633539960352532,0.039072461117868454,0.07771580940734091,0.17411074013341601,1,390
0.825235353822853,0.7113929362125715,-0.08530065053399748,-0.019701136827742355,0.05838945849263832,0.21114923666740062,0.09081272682618993,0.057816461651583884,0.31650804437667124,0,391
0.7440361715855663,0.6604397291339832,-0.06604841898249186,0.06001419373983191,0.13485350815404018,0.23362561659704711,0.08993063700406323,0.0709694264105465,0.35822887257097125,0,392
1.5528259214839937,-0.20563294076309035,0.003954789711203527,-0.059192873074220234,0.05135230178375353,0.1998486991911268,0.0392761556525573,0.048561211346391596,0.11823406317946752,1,393
0.6816070805060357,0.33617027314129233,-0.03259936471374274,0.011016989860457252,0.2681281402033044,0.05396257169202882,0.09108648061214211,0.07583468176388251,0.4783883559382397,1,394
1.8615146512071294,-0.5900314091683581,0.06577667317652189,0.046614259205934955,0.11030446361397864,0.26400609421994653,0.0996541906148901,0.08420243658440942,0.43686615066015244,1,395
1.7168255036860236,-0.4137045394779735,-0.013822495267638818,0.02319709005203581,0.054793326694763896,0.16633742029344253,0.08428740977115533,0.02317926309425345,0.21864499286283726,1,396
0.8579880547500367,0.7926716370422395,-0.05025714548247402,-0.06239505307691678,0.017379850372667753,0.09191700364730106,0.08603842129797061,0.08496367440168053,0.1308750120905872,1,397
1.5017421355829947,-0.9739961529785279,0.023428997320806014,-0.028923086262852116,0.19728849202308044,0.13331617377693122,0.032410786249818094,0.05862668786112766,0.1679548292876229,1,398
1.5090857481693647,-0.8289829382910638,0.04135544337708916,0.05675835689707945,0.19470167206187552,0.02089561621568314,0.06190321589719808,0.08601993181812019,0.15077776550198907,1,399
0.20624773767186522,-0.5842274897079454,-0.06659161841981004,0.010845302826403322,0.10877520830857457,0.04708137235450109,0.01605303225706311,0.04881715357069132,0.14931351171957874,0,400
1.8051058133591333,-0.9469355922523606,-0.06647615674233648,-0.09895407729141746,0.030796447765818788,0.23200855764959963,0.018542614313950274,0.04411364368447316,0.3074246754662936,1,401
1.0105047448957143,-0.6371291298204054,-0.09266571461329141,0.05219815200561878,0.12879237951961728,0.01000337407905618,0.09990033508299616,0.09235546592655003,0.19833897699736014,1,402
1.6529149322154832,0.16608312193938435,0.04728040301312811,-0.09293772901195219,0.10025307356838413,0.13080409025986472,0.03939753244833199,0.03260523407935612,0.24325588661165778,1,403
0.6400992020612235,-0.1571508988150041,0.032760905524361006,0.04914675654624642,0.20636498552315272,0.16152795251482066,0.07733655208439617,0.08597910927575288,0.495802133353729,0,404
1.791046456992401,0.7853434221539497,-0.005073824850037226,-0.05950388796695252,0.1856759823412802,0.025843981800281968,0.08259985477241348,0.053561851525846374,0.3737256995701379,1,405
0.7784033574683262,0.6348871234768818,0.06883408979383943,0.09161469602387604,0.11573218117728659,0.2921926672619765,0.08722209439065064,0.05626858982961338,0.4795922668188005,0,406
0.02167530296059672,-0.31636529660424806,0.06113403059001063,-0.026411849739583104,0.07318884073394712,0.07557634606240485,0.0997865467661941,0.037762145334053566,0.15702262201324624,0,407
1.8107639528385273,-0.48115313313741503,0.017070872879350427,-0.03461367673238418,0.29653043018512165,0.09821762869452144,0.03173468367311811,0.06157379805571142,0.2528557899330277,1,408
0.18257335357226712,-0.2406151836654662,0.07365425610265172,-0.07022238993351107,0.1416604701468733,0.09814332855395791,0.013631574417372973,0.039269007664859024,0.3218927213129417,0,409
0.6386272751808297,0.18058988502961548,-0.05883175799264635,-0.03887915690195703,0.20959952837626875,0.07682083201403146,0.04700723661951275,0.013534247281748709,0.13070322475549523,1,410
1.9001239341016098,-0.4638727183542475,-0.07761607612045443,0.07533015236564011,0.050760360597724624,0.01042740840503031,0.021707260284605227,0.034479874480992045,0.10167497745118315,1,411
1.9012142938751122,0.24829781569826803,-0.046050077696602076,0.09926686752544947,0.15082101290122535,0.22150999028551893,0.012018330024584961,0.010574113906593161,0.36817373351876703,1,412
1.1468757762465722,-0.18117669561751915,-0.08858262878213703,-0.02633809389863033,0.017985648762144993,0.29038519494179277,0.04243841444273375,0.0980519308351171,0.35672780672057414,0,413
1.2636744243395985,0.10409436170396047,0.006233905600206396,-0.010277873809091481,0.1565819841940305,0.07504511015266306,0.08053644259677128,0.09691724888377728,0.2643155239998447,1,414
0.8968910439566395,-0.12774694172936663,0.08732113845899231,0.044414187640547415,0.2895650480641337,0.2022836856229925,0.060956262210256386,0.04556397677250746,0.2958576304128131,0,415
0.5864215433961291,-0.41106848091616466,-0.09213129186629808,0.0772391560930149,0.12141994676588205,0.22514993481802736,0.03815001902893187,0.07555337689056814,0.2661772002368359,0,416
0.6573290907398319,0.8969066139243134,-0.07557801719799465,0.018608866837356824,0.02130884364672436,0.25604335993625216,0.06889078049434477,0.04112254885693825,0.10960201793795554,0,417
1.3450369121540768,0.5272115883195216,-0.009560194343312942,-0.021694860364434132,0.01897717936660962,0.13256246713394665,0.03088163622779297,0.07039838413773786,0.23414864248698497,1,418
1.50474905887536,-0.7197736484670949,0.08677500350558098,-0.017475631830275257,0.12251616038459213,0.09784996263572447,0.011294330146487652,0.08248870387413812,0.17083290215891594,1,419
1.583158087451697,0.7369359517958256,-0.03676877900464991,0.03912362929936136,0.05640723157432627,0.10433558886667901,0.07879180477927847,0.09520806202230167,0.1393696756405475,1,420
1.5792362855891078,-0.025137603500972716,0.0014469617376784843,-0.09935634727914427,0.016772107935173915,0.21666018659856873,0.06613687763776083,0.04601910482647049,0.4826881735557399,1,421
0.18241220609738074,0.7891044537881828,-0.09168542818992159,0.023917867491968142,0.22930194804555126,0.24686604528663444,0.0786072362050864,0.0804968184660443,0.3397438900168662,0,422
0.9888406094051629,0.5997105118946304,-0.07033135980758223,-0.02890139791172852,0.1429716725757483,0.06266805064941476,0.013504421501889905,0.033933560556890695,0.39146251369464113,1,423
0.11511752003328857,-0.1495729910615331,0.0973260245917694,0.05883946625541686,0.0938809838720698,0.1175728923657519,0.0853407665047587,0.09912990734142836,0.226145497306447,0,424
1.099057764647471,-0.9550613833597652,0.09302373928720911,-0.08140187203537358,0.2710241230747794,0.2715626570572535,0.0657573580032673,0.012319263888791603,0.2572588517976061,0,425
0.883061002746754,-0.46264528123010784,-0.09901200381311809,0.017640453389678096,0.043680298458152425,0.24394112071147436,0.06070558156413762,0.06431759258510089,0.1947695975586894,0,426
1.7754083655165995,0.08326842932173384,0.09036235708464779,-0.0038054220227752567,0.2872164603970426,0.295608936801118,0.06621526433030785,0.06935553834861945,0.13878626838616992,0,427
0.7018300251041574,0.26695643965229454,0.02782398756310006,0.028465105181045475,0.1010503480394323,0.22873199530780342,0.08779899221815277,0.0719241001366716,0.17161265497663353,0,428
0.23413403285521173,-0.48422462913359543,0.07358365890400442,-0.08702928110340634,0.26763706496951756,0.12402660829809745,0.06282428559030163,0.02083488209101801,0.4190056181185944,0,429
0.2859833641056717,-0.7212878518543517,-0.009052028873228174,0.015996757485626262,0.18485343417904385,0.18128497185844494,0.06228553418993615,0.09446768051258174,0.3710183220735104,0,430
1.5230212634349445,0.6698604735985982,0.003119205715850046,0.012296917591904738,0.24974513432503134,0.20169413373172287,0.09916112413591893,0.02630649511450745,0.3187715503941908,1,431
1.2364361266325221,0.9688043614071042,-0.0022306839486159608,0.012132018883234189,0.2953638173310346,0.03275218673196594,0.07810571503617113,0.0660478062915857,0.2900359491467073,1,432
0.2022453522455805,0.05138036460537165,0.03337285150922087,0.02069753331929096,0.09363757696743626,0.16790411814012088,0.04980644249060218,0.03004084712107765,0.46897371346244976,0,433
0.16821361222999487,-0.656641428303393,-0.07206974904873742,0.035293587445272445,0.288729290768202,0.21570304025705678,0.0736657300029635,0.03764947753191438,0.12909397911146736,0,434
1.40193826291824,-0.4553853469612621,-0.09400528202546442,0.06099779993615395,0.12294974952170189,0.058523178160307505,0.04503074245226097,0.0591812687555312,0.2122403252951664,1,435
0.14552601272838706,-0.9632186469050665,-0.03841401168176182,-0.04603585597435714,0.12179845237370746,0.23638319805341157,0.030598791623514913,0.04754740767081189,0.23997514142828563,0,436
1.6437201185807124,0.828597613120998,0.04093615254732935,0.0650098820360124,0.10871226023380663,0.17929410634909237,0.06371666891989836,0.024420304087885567,0.4129703248851152,1,437
1.4124844543129924,-0.7644978342197177,-0.05962930957541033,-0.00034886354730927216,0.1670082061307997,0.28614431785230243,0.09353638883025564,0.025384276217876346,0.49700584806478854,0,438
0.16269756128379953,0.1530329510285071,0.034686486664983474,-0.08458834417313377,0.054702062521761255,0.02230246647999859,0.09362255680139166,0.047633030934651974,0.19626820590286123,1,439
0.16967542817038384,-0.451889558625588,0.0939824092214541,-0.08828981415120417,0.17057633075382325,0.08694457989108541,0.04077147502949413,0.07815546804479506,0.4497229336548323,0,440
1.973279157002351,0.10835600503158682,-0.08121985684211633,-0.03315233626078784,0.16709439559890116,0.18445062499694898,0.05749097195995256,0.09081681821630097,0.43224910417271656,1,441
0.7485415915122406,0.30284077670372844,0.03452042364502525,0.05697939542229352,0.2309515256554123,0.0960023745397199,0.029047230871287508,0.017571489603344457,0.18986295905670666,1,442
0.7412842941337818,0.6594836074144033,-0.011249956139085776,0.041536186948183146,0.2517584889618998,0.21718300758066023,0.09960679985489952,0.045379351680346104,0.259733032079689,0,443
1.6255991345150052,-0.5871574564787936,0.07362845087550107,0.0577229929344813,0.13772799159060298,0.23011153193136,0.09830061170811422,0.019022100735058896,0.26386914771700765,1,444
1.8944971547677174,-0.978008342683039,-0.06457004211052282,0.0034538112883218675,0.09767664231193318,0.03972962957927759,0.06845580367367027,0.01149332325693381,0.49128826741062337,1,445
1.9720021276457418,-0.7262287398623855,0.03852519044523289,-0.011960200408901889,0.08520712022195738,0.15901779461996263,0.08239726537097261,0.0695546814379561,0.17235676055155935,1,446
1.5067563705178832,0.8000372836962102,0.06762305792962206,-0.07050949465874322,0.06644091264441286,0.15757826112140622,0.074359014515533,0.0642204497769929,0.41966318844191286,1,447
0.7525191710618315,0.7477801551250305,0.08892284389480465,-0.034361449278137696,0.026717798837717216,0.1170914233625069,0.06338423971355214,0.02467172024333976,0.23367708566924397,0,448
0.16700143339733753,0.1948262043406166,0.03664960565792916,-0.013196126765224941,0.10930991386206686,0.2805482101452049,0.014801319729000794,0.031043154978375773,0.3923481383104642,0,449
1.5542938318548736,0.20103372086730675,-0.0005650471983145444,-0.08227991406407656,0.08837183071792713,0.24997683276323415,0.0509287908297395,0.012133697828006655,0.2680044017182651,0,450
1.11680849947161,0.33007334909251096,0.023569448040242774,-0.05587760945775775,0.2902610419012581,0.21219072075379466,0.07073076719506695,0.08514524851249634,0.33134390524661606,0,451
0.8484440184939526,-0.6492574427531008,0.07378099689574366,0.019645058812747765,0.17173555961251274,0.21715472436314928,0.07097784524953163,0.09772215364436963,0.43304470933045247,0,452
1.812708770189472,0.8288238918499196,0.014121949327765934,0.04713262284783798,0.11071034131884717,0.14389768170580453,0.04358103565801453,0.022191358311522174,0.42166622599355363,1,453
0.22239496461230268,-0.16245895021585377,-0.09392258806063264,0.09966950227858992,0.17833560428817183,0.27708841111800697,0.09475227879922275,0.03083276923887683,0.44656927341588004,0,454
0.9852502085817183,-0.2337229435010051,0.08618973910139557,0.08662266626871154,0.0503670433902517,0.21143267390345274,0.02506213290131029,0.08815685715522407,0.12384693013786362,0,455
0.022707289534838138,0.037835410565675076,0.03790535020631222,0.028513039907038296,0.13877268726863884,0.22140450788018676,0.05503235015940046,0.09338174181605664,0.376820221215898,0,456
0.9373212839882525,-0.9060680664498899,0.0353026771554493,-0.015750389341185597,0.1916079532121085,0.2598903620983301,0.07217955788957406,0.047766464452612935,0.15599495068870517,0,457
0.1126065513636747,-0.6674332624878412,-0.05686496952045657,0.02723547294164655,0.1517803712198109,0.08948076090923537,0.07274222253026283,0.014556022504216672,0.2663274272073644,0,458
0.23763583253614384,0.4760672328527409,0.03177709404653145,0.05713032361604639,0.12651585218975403,0.24405056212134385,0.06837750610919341,0.013545265032353747,0.3194353660218754,0,459
0.23505249355420976,-0.8344026641497471,-0.02122711886916831,-0.07633276181532254,0.29821603278091247,0.06661977485738269,0.03477593921066742,0.061655487946210945,0.2610957938987323,0,460
1.2984206042321271,0.2063042189327764,0.03024659540829841,-0.01801902206074235,0.26529128102318883,0.11014916615101746,0.02405859118179598,0.04536055980038612,0.307844670321203,1,461
1.4920897585308466,-0.5093017806373581,-0.07868139393840186,0.06796045712712345,0.19078772786623763,0.10732703173825438,0.06723462941440399,0.012578718481988906,0.4986105235194477,1,462
1.1667375301943193,-0.2214087719160469,0.03156906092060721,-0.023233409613391195,0.175119434742862,0.29377238583285076,0.0639371904525494,0.062492715308130116,0.1540869254851419,0,463
1.9243450969490838,-0.42261252645860026,0.09988274515413331,0.014374454245437304,0.18999153914912936,0.2583957948868988,0.026142040926031687,0.011017228293012023,0.3701824181345702,1,464
0.7497411590474081,-0.28865456707010173,-0.0903575922278888,0.017553872172439644,0.06838051126850564,0.21333925986117533,0.07346252310135071,0.08086347623343457,0.25840038655424613,0,465
0.5714241725637215,0.438091810368491,0.09543483684426346,-0.06310474937327212,0.12458994554665238,0.22084646086846313,0.05096547925602908,0.03757895404330344,0.15320391956293153,0,466
1.7371982563789206,-0.40575656875364996,-0.018618407855425873,-0.027552911669542324,0.021443264538360804,0.17300111037674562,0.07009845324428376,0.01362322027083089,0.16349470534972382,1,467
0.4471916770389053,0.13280928059379438,0.07415069006745184,-0.03309774225161358,0.14790835087117973,0.28465629346147053,0.08536303717931357,0.0629516998884838,0.47970924249824676,0,468
1.9264450788812226,-0.04789919560180067,0.05647709681165469,-0.09476065829358704,0.16747712934772233,0.15391503833588485,0.02527555857192309,0.04579159729897493,0.45184059868470483,1,469
0.024308949379632683,0.3273423307252963,0.013403252197333557,-0.09516164722172896,0.07604742346993078,0.1203501358622694,0.011723038119715302,0.09764203720214346,0.4628167841660088,0,470
1.939757653415278,0.873659478649516,0.04768984185026531,0.0663394087351547,0.289568365677999,0.05728024771016139,0.08011923277562082,0.058977879625333206,0.4966131103309547,1,471
0.08631982390115223,0.4651441944205006,0.07570311226026957,-0.04538583800543752,0.2737418371718002,0.23799963915570682,0.06487276826373543,0.034771526293330746,0.18332615600340718,0,472
1.7822862273961422,-0.5701192428184865,-0.019171935669793402,0.003615753247763087,0.2194215382822127,0.2229887403019215,0.07296756126599095,0.07384949781705773,0.24217573494562472,1,473
1.0554022181725997,-0.9376337298774307,-0.03459336768735226,-0.04025488528224539,0.16468212234195514,0.1214629611719991,0.08543394774897783,0.034434280228844025,0.3676876119699467,1,474
1.9859295922386007,-0.47547191140034983,0.033518677112716944,0.08813584902306812,0.2622910562978286,0.017306090048176515,0.08225298413420505,0.09138189622668086,0.29352101594425895,1,475
0.14759312947079772,0.19015586140050966,0.06156918838825173,-0.04814064822684525,0.04788917970880424,0.25330922503822306,0.09648281322359423,0.043724977345663885,0.2673558133513334,0,476
1.1077085688026416,-0.8971483730314993,0.052457026955323144,-0.014068637452212984,0.23924784033971663,0.013311215201681353,0.05823415709669065,0.05948817064985848,0.24312449973423722,1,477
1.938605071238198,-0.007267505597527313,0.05956272977172691,0.07454605009692036,0.046198036050386006,0.21407293609242478,0.05396460693939149,0.0145515793441806,0.3375122527773809,1,478
1.0461956883402976,0.19368569783377843,-0.0128833370374134,0.06838671335836174,0.24032109213932756,0.29137456182055654,0.04616984799016571,0.048350911415700776,0.3302373714560328,0,479
1.258797276270525,-0.33151221836607836,0.06356684323500433,-0.06277971643074454,0.0899725947928935,0.136921785162979,0.02383219385597841,0.08491271856948955,0.16458313362569604,1,480
1.3914973779692343,0.5418244074916438,-0.07595818892587831,0.06052866195914208,0.26435626849527477,0.07814228744882629,0.06153465095938203,0.08250839248270078,0.28869593500737567,1,481
0.9090821295355465,-0.7868034937324564,0.008897819592169912,-0.008362622652421464,0.28377220720936536,0.2144125929125807,0.03493112718933809,0.030188670296817363,0.32138871048393997,0,482
1.2551161601681269,-0.8497244365283825,-0.0988482679003757,-0.003406225582928954,0.05315083112748353,0.2469671611845197,0.0929176760991678,0.030347116390950647,0.3281147754925562,0,483
1.1686286238462005,0.4563775124072067,-0.03508283401994594,-0.07330400551681125,0.14417592546896413,0.16846479166257572,0.06248717238493879,0.08355747809919131,0.18404287716494072,1,484
1.802316020981978,-0.009017367587603076,-0.02670769302572043,-0.08387969724857508,0.2944863396671787,0.29044022982428236,0.06335561624572993,0.0937358578152393,0.39690855690091476,0,485
0.09089276068291574,0.3768047928554721,-0.020765461678148925,0.04558786139475304,0.1501881564322125,0.02498392928080872,0.041943219478930906,0.01858248291457032,0.11007963792842786,0,486
0.5619263791844606,-0.13034532279250755,0.039093441337972434,-0.0007077695289400554,0.26042878152921806,0.15639072350831315,0.014679041677993675,0.05050527754836028,0.24193274221726507,0,487
1.9008229681531175,-0.5071959335217864,-0.022288379745930856,-0.012629859476964087,0.18073214141808275,0.21835164472353952,0.012856938883568977,0.040370885106780614,0.41208505941425344,1,488
1.7805275677818326,0.6382046353483994,-0.010261275475493867,0.045901645730479335,0.11884567329668452,0.26016573663326187,0.04810016297378778,0.08836196099116954,0.325557168422161,1,489
0.9113135055714259,0.5988317579379585,-0.05249117382513451,0.053102579798221944,0.09287723110250234,0.06198412745325911,0.017610884028751408,0.01751724232120169,0.2044649730043441,1,490
1.2402651956030735,0.3893929417088535,-0.025349641674131992,-0.06821836646612929,0.0689346964149653,0.2420010097114676,0.06461622599861253,0.029001334830223366,0.3779812477372191,0,491
0.5547623659622654,-0.4557097255400746,-0.054546074547369705,0.022045029895528256,0.23092147549953218,0.17028505195837812,0.08928757050756918,0.07772215038278449,0.32695637766242935,0,492
0.3762423194475226,0.1804613337381742,-0.08536081524631128,-0.0729291835444629,0.12209674697867808,0.12500056777708932,0.089462333486685,0.014616446408309404,0.41849744378255493,0,493
0.9273968098799643,-0.2780522061199464,0.020689718676275587,0.05027501720580915,0.15826988403821785,0.048197358287937135,0.06931408691190093,0.05432818426428604,0.3940100744759294,1,494
0.7067044560521056,-0.8168358533467317,0.033642559711003245,0.0313910312534279,0.15277438920034275,0.2609357700835846,0.029010864832563793,0.049789633121174806,0.34404316881449387,0,495
1.1673122237017441,0.8346271509244856,0.023898069201922903,0.09132292421669161,0.17741091847760806,0.05560923037211745,0.08766971482229849,0.04009610610898738,0.29527107012432563,1,496
0.15546927392996968,-0.7263627381620772,-0.007301191239885527,-0.08620839672871577,0.26101737223112015,0.09983847917063876,0.08974840917818874,0.045511508378703144,0.15327285026700938,0,497
1.948789615332333,0.9004747076416049,-0.024042843964154043,-0.08858905576974914,0.2944144096391945,0.09411320426910669,0.027698822645766286,0.05769465282372097,0.20453320715415352,1,498
1.9724214889592058,-0.10798845408408853,0.07266672991436504,-0.043562585061359974,0.1281994204864069,0.26271006991534773,0.07636834771936095,0.024523062254954483,0.2676397891668341,1,499
