video_name,frame_no,LED_no,x,y,threshold
Cap_Phase1_60_L.mp4,102,1,676,57,245
Cap_Phase1_60_L.mp4,102,2,697,54,245
Cap_Phase1_60_L.mp4,102,3,714,55,245
Cap_Phase1_60_L.mp4,102,4,734,52,245
Cap_Phase1_60_L.mp4,102,5,754,52,245
Cap_Phase1_60_L.mp4,102,6,775,52,245
Cap_Phase1_60_L.mp4,102,7,793,52,245
Cap_Phase1_60_R.mp4,183,1,677,57,245
Cap_Phase1_60_R.mp4,183,2,697,54,245
Cap_Phase1_60_R.mp4,183,3,716,52,245
Cap_Phase1_60_R.mp4,183,4,734,51,245
Cap_Phase1_60_R.mp4,183,5,755,54,245
Cap_Phase1_60_R.mp4,183,6,775,52,245
Cap_Phase1_60_R.mp4,183,7,792,53,245
Cap_Phase1_60_Extra.mp4,109,1,678,56,245
Cap_Phase1_60_Extra.mp4,109,2,699,56,245
Cap_Phase1_60_Extra.mp4,109,3,715,54,245
Cap_Phase1_60_Extra.mp4,109,4,736,52,245
Cap_Phase1_60_Extra.mp4,109,5,755,54,245
Cap_Phase1_60_Extra.mp4,109,6,776,54,245
Cap_Phase1_60_Extra.mp4,109,7,793,53,245
Cap_Phase1_100_L.mp4,83,1,678,55,245
Cap_Phase1_100_L.mp4,83,2,697,54,245
Cap_Phase1_100_L.mp4,83,3,715,54,245
Cap_Phase1_100_L.mp4,83,4,733,52,245
Cap_Phase1_100_L.mp4,83,5,756,53,245
Cap_Phase1_100_L.mp4,83,6,775,55,245
Cap_Phase1_100_L.mp4,83,7,793,52,245
Cap_Phase1_100_R.mp4,122,1,676,56,245
Cap_Phase1_100_R.mp4,122,2,695,55,245
Cap_Phase1_100_R.mp4,122,3,715,53,245
Cap_Phase1_100_R.mp4,122,4,734,52,245
Cap_Phase1_100_R.mp4,122,5,755,52,245
Cap_Phase1_100_R.mp4,122,6,775,54,245
Cap_Phase1_100_R.mp4,122,7,793,54,245
Cap_Phase1_140_L.mp4,110,1,677,58,245
Cap_Phase1_140_L.mp4,110,2,696,55,245
Cap_Phase1_140_L.mp4,110,3,713,55,245
Cap_Phase1_140_L.mp4,110,4,732,54,245
Cap_Phase1_140_L.mp4,110,5,754,54,245
Cap_Phase1_140_L.mp4,110,6,775,54,245
Cap_Phase1_140_L.mp4,110,7,793,54,245
Cap_Phase1_140_R.mp4,115,1,677,56,245
Cap_Phase1_140_R.mp4,115,2,695,56,245
Cap_Phase1_140_R.mp4,115,3,715,55,245
Cap_Phase1_140_R.mp4,115,4,733,53,245
Cap_Phase1_140_R.mp4,115,5,756,53,245
Cap_Phase1_140_R.mp4,115,6,774,54,245
Cap_Phase1_140_R.mp4,115,7,793,51,245
Cap_Phase2_60_L.mp4,207,1,668,18,245
Cap_Phase2_60_L.mp4,207,2,690,18,245
Cap_Phase2_60_L.mp4,207,3,706,24,245
Cap_Phase2_60_L.mp4,207,4,727,24,245
Cap_Phase2_60_L.mp4,207,5,750,28,245
Cap_Phase2_60_L.mp4,207,6,772,32,245
Cap_Phase2_60_L.mp4,207,7,794,34,245
Cap_Phase2_60_R.mp4,132,1,677,25,245
Cap_Phase2_60_R.mp4,132,2,696,24,245
Cap_Phase2_60_R.mp4,132,3,716,23,245
Cap_Phase2_60_R.mp4,132,4,735,22,245
Cap_Phase2_60_R.mp4,132,5,757,23,245
Cap_Phase2_60_R.mp4,132,6,777,23,245
Cap_Phase2_60_R.mp4,132,7,794,21,245
Cap_Phase2_100_L.mp4,178,1,666,15,245
Cap_Phase2_100_L.mp4,178,2,688,19,245
Cap_Phase2_100_L.mp4,178,3,705,23,245
Cap_Phase2_100_L.mp4,178,4,723,25,245
Cap_Phase2_100_L.mp4,178,5,746,29,245
Cap_Phase2_100_L.mp4,178,6,771,31,245
Cap_Phase2_100_L.mp4,178,7,793,33,245
Cap_Phase2_100_R.mp4,123,1,677,27,245
Cap_Phase2_100_R.mp4,123,2,697,24,245
Cap_Phase2_100_R.mp4,123,3,714,25,245
Cap_Phase2_100_R.mp4,123,4,734,22,245
Cap_Phase2_100_R.mp4,123,5,756,25,245
Cap_Phase2_100_R.mp4,123,6,775,25,245
Cap_Phase2_100_R.mp4,123,7,792,23,245
Cap_Phase2_140_L.mp4,422,1,664,17,245
Cap_Phase2_140_L.mp4,422,2,686,20,245
Cap_Phase2_140_L.mp4,422,3,706,24,245
Cap_Phase2_140_L.mp4,422,4,726,25,245
Cap_Phase2_140_L.mp4,422,5,746,27,245
Cap_Phase2_140_L.mp4,422,6,770,31,245
Cap_Phase2_140_L.mp4,422,7,794,32,245
Cap_Phase2_140_R.mp4,99,1,678,25,245
Cap_Phase2_140_R.mp4,99,2,698,24,245
Cap_Phase2_140_R.mp4,99,3,717,23,245
Cap_Phase2_140_R.mp4,99,4,737,21,245
Cap_Phase2_140_R.mp4,99,5,757,24,245
Cap_Phase2_140_R.mp4,99,6,778,22,245
Cap_Phase2_140_R.mp4,99,7,794,21,245
Earl_Phase1_60_Both.mp4,119,1,674,17,245
Earl_Phase1_60_Both.mp4,119,2,696,20,245
Earl_Phase1_60_Both.mp4,119,3,712,24,245
Earl_Phase1_60_Both.mp4,119,4,733,25,245
Earl_Phase1_60_Both.mp4,119,5,755,29,245
Earl_Phase1_60_Both.mp4,119,6,780,28,245
Earl_Phase1_60_Both.mp4,119,7,803,31,245
Earl_Phase1_100_Both.mp4,157,1,673,19,245
Earl_Phase1_100_Both.mp4,157,2,696,19,245
Earl_Phase1_100_Both.mp4,157,3,712,24,245
Earl_Phase1_100_Both.mp4,157,4,732,25,245
Earl_Phase1_100_Both.mp4,157,5,754,26,245
Earl_Phase1_100_Both.mp4,157,6,778,29,245
Earl_Phase1_100_Both.mp4,157,7,803,31,245
Earl_Phase1_140_Both.mp4,105,1,671,15,245
Earl_Phase1_140_Both.mp4,105,2,694,18,245
Earl_Phase1_140_Both.mp4,105,3,713,22,245
Earl_Phase1_140_Both.mp4,105,4,731,25,245
Earl_Phase1_140_Both.mp4,105,5,753,25,245
Earl_Phase1_140_Both.mp4,105,6,777,31,245
Earl_Phase1_140_Both.mp4,105,7,801,31,245
Ian_Phase1_60_Both.mp4,163,1,700,14,245
Ian_Phase1_60_Both.mp4,163,2,723,14,245
Ian_Phase1_60_Both.mp4,163,3,741,20,245
Ian_Phase1_60_Both.mp4,163,4,758,21,245
Ian_Phase1_60_Both.mp4,163,5,780,23,245
Ian_Phase1_60_Both.mp4,163,6,805,29,245
Ian_Phase1_60_Both.mp4,163,7,829,27,245
Ian_Phase1_100_Both.mp4,153,1,699,6,245
Ian_Phase1_100_Both.mp4,153,2,722,7,245
Ian_Phase1_100_Both.mp4,153,3,739,11,245
Ian_Phase1_100_Both.mp4,153,4,760,12,245
Ian_Phase1_100_Both.mp4,153,5,784,12,245
Ian_Phase1_100_Both.mp4,153,6,805,20,245
Ian_Phase1_100_Both.mp4,153,7,834,16,245
Ian_Phase1_140_Both.mp4,167,1,701,3,245
Ian_Phase1_140_Both.mp4,167,2,722,3,245
Ian_Phase1_140_Both.mp4,167,3,740,7,245
Ian_Phase1_140_Both.mp4,167,4,760,7,245
Ian_Phase1_140_Both.mp4,167,5,782,11,245
Ian_Phase1_140_Both.mp4,167,6,806,17,245
Ian_Phase1_140_Both.mp4,167,7,830,16,245
Ian_Phase2_60_L.mp4,164,1,697,4,245
Ian_Phase2_60_L.mp4,164,2,720,6,245
Ian_Phase2_60_L.mp4,164,3,738,7,245
Ian_Phase2_60_L.mp4,164,4,759,11,245
Ian_Phase2_60_L.mp4,164,5,778,13,245
Ian_Phase2_60_L.mp4,164,6,802,15,245
Ian_Phase2_60_L.mp4,164,7,826,16,245
Ian_Phase2_60_R.mp4,126,1,698,4,245
Ian_Phase2_60_R.mp4,126,2,721,4,245
Ian_Phase2_60_R.mp4,126,3,737,7,245
Ian_Phase2_60_R.mp4,126,4,758,10,245
Ian_Phase2_60_R.mp4,126,5,780,9,245
Ian_Phase2_60_R.mp4,126,6,805,17,245
Ian_Phase2_60_R.mp4,126,7,830,18,245
Ian_Phase2_100_Both.mp4,155,1,698,3,245
Ian_Phase2_100_Both.mp4,155,2,722,3,245
Ian_Phase2_100_Both.mp4,155,3,740,5,245
Ian_Phase2_100_Both.mp4,155,4,760,7,245
Ian_Phase2_100_Both.mp4,155,5,780,8,245
Ian_Phase2_100_Both.mp4,155,6,804,14,245
Ian_Phase2_100_Both.mp4,155,7,834,13,245
Ian_Phase2_140_Both.mp4,191,1,695,1,245
Ian_Phase2_140_Both.mp4,191,2,718,4,245
Ian_Phase2_140_Both.mp4,191,3,736,3,245
Ian_Phase2_140_Both.mp4,191,4,756,8,245
Ian_Phase2_140_Both.mp4,191,5,778,8,245
Ian_Phase2_140_Both.mp4,191,6,801,11,245
Ian_Phase2_140_Both.mp4,191,7,832,13,245
James_Phase1_60_Both.mp4,135,1,678,15,245
James_Phase1_60_Both.mp4,135,2,703,18,245
James_Phase1_60_Both.mp4,135,3,720,21,245
James_Phase1_60_Both.mp4,135,4,739,24,245
James_Phase1_60_Both.mp4,135,5,762,25,245
James_Phase1_60_Both.mp4,135,6,786,28,245
James_Phase1_60_Both.mp4,135,7,810,30,245
James_Phase1_100_Both.mp4,145,1,679,17,245
James_Phase1_100_Both.mp4,145,2,701,18,245
James_Phase1_100_Both.mp4,145,3,719,22,245
James_Phase1_100_Both.mp4,145,4,740,24,245
James_Phase1_100_Both.mp4,145,5,762,25,245
James_Phase1_100_Both.mp4,145,6,786,27,245
James_Phase1_100_Both.mp4,145,7,809,31,245
James_Phase1_140_Both.mp4,172,1,678,16,245
James_Phase1_140_Both.mp4,172,2,700,17,245
James_Phase1_140_Both.mp4,172,3,717,22,245
James_Phase1_140_Both.mp4,172,4,739,22,245
James_Phase1_140_Both.mp4,172,5,759,26,245
James_Phase1_140_Both.mp4,172,6,783,27,245
James_Phase1_140_Both.mp4,172,7,807,29,245
James_Phase2_140_Both.mp4,112,1,679,16,245
James_Phase2_140_Both.mp4,112,2,701,17,245
James_Phase2_140_Both.mp4,112,3,718,23,245
James_Phase2_140_Both.mp4,112,4,738,22,245
James_Phase2_140_Both.mp4,112,5,761,23,245
James_Phase2_140_Both.mp4,112,6,786,27,245
James_Phase2_140_Both.mp4,112,7,807,29,245
James_Phase5_Right.mp4,1,1,672,39,245
James_Phase5_Right.mp4,1,2,696,42,245
James_Phase5_Right.mp4,1,3,713,48,245
James_Phase5_Right.mp4,1,4,732,50,245
James_Phase5_Right.mp4,1,5,756,52,245
James_Phase5_Right.mp4,1,6,780,57,245
James_Phase5_Right.mp4,1,7,803,59,245
Julse_Phase1_60_Both.mp4,308,1,687,17,245
Julse_Phase1_60_Both.mp4,308,2,712,19,245
Julse_Phase1_60_Both.mp4,308,3,729,21,245
Julse_Phase1_60_Both.mp4,308,4,748,25,245
Julse_Phase1_60_Both.mp4,308,5,772,25,245
Julse_Phase1_60_Both.mp4,308,6,796,29,245
Julse_Phase1_60_Both.mp4,308,7,818,31,245
Julse_Phase1_100_Both.mp4,162,1,687,16,245
Julse_Phase1_100_Both.mp4,162,2,709,15,245
Julse_Phase1_100_Both.mp4,162,3,728,23,245
Julse_Phase1_100_Both.mp4,162,4,748,23,245
Julse_Phase1_100_Both.mp4,162,5,774,23,245
Julse_Phase1_100_Both.mp4,162,6,793,28,245
Julse_Phase1_100_Both.mp4,162,7,818,27,245
Julse_Phase1_140_Both.mp4,111,1,686,11,245
Julse_Phase1_140_Both.mp4,111,2,711,16,245
Julse_Phase1_140_Both.mp4,111,3,729,19,245
Julse_Phase1_140_Both.mp4,111,4,749,22,245
Julse_Phase1_140_Both.mp4,111,5,769,22,245
Julse_Phase1_140_Both.mp4,111,6,794,26,245
Julse_Phase1_140_Both.mp4,111,7,818,27,245
Julse_Phase2_60_Both.mp4,77,1,684,15,245
Julse_Phase2_60_Both.mp4,77,2,709,16,245
Julse_Phase2_60_Both.mp4,77,3,727,22,245
Julse_Phase2_60_Both.mp4,77,4,746,23,245
Julse_Phase2_60_Both.mp4,77,5,770,24,245
Julse_Phase2_60_Both.mp4,77,6,791,28,245
Julse_Phase2_60_Both.mp4,77,7,819,29,245
Stellar_Phase1_60_L.mp4,153,1,678,24,245
Stellar_Phase1_60_L.mp4,153,2,698,22,245
Stellar_Phase1_60_L.mp4,153,3,714,23,245
Stellar_Phase1_60_L.mp4,153,4,736,21,245
Stellar_Phase1_60_L.mp4,153,5,757,23,245
Stellar_Phase1_60_L.mp4,153,6,777,22,245
Stellar_Phase1_60_L.mp4,153,7,794,20,245
Stellar_Phase1_60_R.mp4,98,1,678,23,245
Stellar_Phase1_60_R.mp4,98,2,698,23,245
Stellar_Phase1_60_R.mp4,98,3,716,22,245
Stellar_Phase1_60_R.mp4,98,4,735,21,245
Stellar_Phase1_60_R.mp4,98,5,755,23,245
Stellar_Phase1_60_R.mp4,98,6,776,23,245
Stellar_Phase1_60_R.mp4,98,7,793,22,245
Stellar_Phase1_100_L.mp4,112,1,677,26,245
Stellar_Phase1_100_L.mp4,112,2,698,23,245
Stellar_Phase1_100_L.mp4,112,3,715,22,245
Stellar_Phase1_100_L.mp4,112,4,736,20,245
Stellar_Phase1_100_L.mp4,112,5,757,22,245
Stellar_Phase1_100_L.mp4,112,6,775,21,245
Stellar_Phase1_100_L.mp4,112,7,794,19,245
Stellar_Phase1_100_R.mp4,92,1,678,24,245
Stellar_Phase1_100_R.mp4,92,2,697,24,245
Stellar_Phase1_100_R.mp4,92,3,717,22,245
Stellar_Phase1_100_R.mp4,92,4,734,20,245
Stellar_Phase1_100_R.mp4,92,5,756,22,245
Stellar_Phase1_100_R.mp4,92,6,776,23,245
Stellar_Phase1_100_R.mp4,92,7,794,22,245
Stellar_Phase1_140_L.mp4,105,1,677,21,245
Stellar_Phase1_140_L.mp4,105,2,698,22,245
Stellar_Phase1_140_L.mp4,105,3,717,21,245
Stellar_Phase1_140_L.mp4,105,4,736,21,245
Stellar_Phase1_140_L.mp4,105,5,757,22,245
Stellar_Phase1_140_L.mp4,105,6,777,21,245
Stellar_Phase1_140_L.mp4,105,7,793,20,245
Stellar_Phase1_140_R.mp4,99,1,679,26,245
Stellar_Phase1_140_R.mp4,99,2,699,21,245
Stellar_Phase1_140_R.mp4,99,3,717,23,245
Stellar_Phase1_140_R.mp4,99,4,735,23,245
Stellar_Phase1_140_R.mp4,99,5,755,22,245
Stellar_Phase1_140_R.mp4,99,6,777,22,245
Stellar_Phase1_140_R.mp4,99,7,794,21,245
Stellar_Phase2_60_L.mp4,152,1,678,25,245
Stellar_Phase2_60_L.mp4,152,2,695,23,245
Stellar_Phase2_60_L.mp4,152,3,713,22,245
Stellar_Phase2_60_L.mp4,152,4,733,21,245
Stellar_Phase2_60_L.mp4,152,5,755,24,245
Stellar_Phase2_60_L.mp4,152,6,773,24,245
Stellar_Phase2_60_L.mp4,152,7,793,21,245
Stellar_Phase2_60_R.mp4,102,1,677,26,245
Stellar_Phase2_60_R.mp4,102,2,697,23,245
Stellar_Phase2_60_R.mp4,102,3,715,22,245
Stellar_Phase2_60_R.mp4,102,4,736,22,245
Stellar_Phase2_60_R.mp4,102,5,756,23,245
Stellar_Phase2_60_R.mp4,102,6,778,23,245
Stellar_Phase2_60_R.mp4,102,7,794,20,245
Stellar_Phase2_100_L.mp4,116,1,677,25,245
Stellar_Phase2_100_L.mp4,116,2,697,24,245
Stellar_Phase2_100_L.mp4,116,3,716,23,245
Stellar_Phase2_100_L.mp4,116,4,734,21,245
Stellar_Phase2_100_L.mp4,116,5,754,24,245
Stellar_Phase2_100_L.mp4,116,6,775,22,245
Stellar_Phase2_100_L.mp4,116,7,794,21,245
Stellar_Phase2_100_R.mp4,149,1,677,26,245
Stellar_Phase2_100_R.mp4,149,2,697,23,245
Stellar_Phase2_100_R.mp4,149,3,714,23,245
Stellar_Phase2_100_R.mp4,149,4,735,22,245
Stellar_Phase2_100_R.mp4,149,5,756,24,245
Stellar_Phase2_100_R.mp4,149,6,775,23,245
Stellar_Phase2_100_R.mp4,149,7,794,21,245
Stellar_Phase2_140_L.mp4,122,1,679,25,245
Stellar_Phase2_140_L.mp4,122,2,698,23,245
Stellar_Phase2_140_L.mp4,122,3,717,23,245
Stellar_Phase2_140_L.mp4,122,4,735,20,245
Stellar_Phase2_140_L.mp4,122,5,754,23,245
Stellar_Phase2_140_L.mp4,122,6,774,23,245
Stellar_Phase2_140_L.mp4,122,7,792,23,245
Stellar_Phase2_140_R.mp4,141,1,681,25,245
Stellar_Phase2_140_R.mp4,141,2,698,23,245
Stellar_Phase2_140_R.mp4,141,3,715,22,245
Stellar_Phase2_140_R.mp4,141,4,733,21,245
Stellar_Phase2_140_R.mp4,141,5,757,23,245
Stellar_Phase2_140_R.mp4,141,6,776,23,245
Stellar_Phase2_140_R.mp4,141,7,794,23,245
Theo_Phase1_60_Both.mp4,5504,1,683,50,245
Theo_Phase1_60_Both.mp4,5504,2,709,50,245
Theo_Phase1_60_Both.mp4,5504,3,724,57,245
Theo_Phase1_60_Both.mp4,5504,4,745,57,245
Theo_Phase1_60_Both.mp4,5504,5,766,58,245
Theo_Phase1_60_Both.mp4,5504,6,790,61,245
Theo_Phase1_60_Both.mp4,5504,7,819,62,245
Theo_Phase1_100_Both.mp4,134,1,680,47,245
Theo_Phase1_100_Both.mp4,134,2,705,49,245
Theo_Phase1_100_Both.mp4,134,3,721,56,245
Theo_Phase1_100_Both.mp4,134,4,741,56,245
Theo_Phase1_100_Both.mp4,134,5,764,56,245
Theo_Phase1_100_Both.mp4,134,6,785,61,245
Theo_Phase1_100_Both.mp4,134,7,810,64,245
Theo_Phase1_140_Both.mp4,166,1,682,47,245
Theo_Phase1_140_Both.mp4,166,2,704,52,245
Theo_Phase1_140_Both.mp4,166,3,721,54,245
Theo_Phase1_140_Both.mp4,166,4,740,56,245
Theo_Phase1_140_Both.mp4,166,5,764,60,245
Theo_Phase1_140_Both.mp4,166,6,787,61,245
Theo_Phase1_140_Both.mp4,166,7,809,63,245
Theo_Phase3_140_Both.mp4,121,1,678,48,245
Theo_Phase3_140_Both.mp4,121,2,700,51,245
Theo_Phase3_140_Both.mp4,121,3,718,56,245
Theo_Phase3_140_Both.mp4,121,4,737,57,245
Theo_Phase3_140_Both.mp4,121,5,760,60,245
Theo_Phase3_140_Both.mp4,121,6,783,61,245
Theo_Phase3_140_Both.mp4,121,7,805,63,245
Waks_Phase1_60_Both.mp4,154,1,672,53,245
Waks_Phase1_60_Both.mp4,154,2,696,53,245
Waks_Phase1_60_Both.mp4,154,3,714,57,245
Waks_Phase1_60_Both.mp4,154,4,731,59,245
Waks_Phase1_60_Both.mp4,154,5,756,60,245
Waks_Phase1_60_Both.mp4,154,6,779,62,245
Waks_Phase1_60_Both.mp4,154,7,800,64,245
Waks_Phase1_100_Both.mp4,68,1,674,48,245
Waks_Phase1_100_Both.mp4,68,2,698,51,245
Waks_Phase1_100_Both.mp4,68,3,714,57,245
Waks_Phase1_100_Both.mp4,68,4,732,56,245
Waks_Phase1_100_Both.mp4,68,5,758,60,245
Waks_Phase1_100_Both.mp4,68,6,780,62,245
Waks_Phase1_100_Both.mp4,68,7,804,65,245
Waks_Phase1_140_Both.mp4,106,1,676,37,245
Waks_Phase1_140_Both.mp4,106,2,697,42,245
Waks_Phase1_140_Both.mp4,106,3,716,48,245
Waks_Phase1_140_Both.mp4,106,4,735,49,245
Waks_Phase1_140_Both.mp4,106,5,757,53,245
Waks_Phase1_140_Both.mp4,106,6,779,58,245
Waks_Phase1_140_Both.mp4,106,7,804,58,245
Waks_Phase2_60_Both.mp4,148,1,673,40,245
Waks_Phase2_60_Both.mp4,148,2,697,42,245
Waks_Phase2_60_Both.mp4,148,3,717,47,245
Waks_Phase2_60_Both.mp4,148,4,734,50,245
Waks_Phase2_60_Both.mp4,148,5,757,53,245
Waks_Phase2_60_Both.mp4,148,6,780,56,245
Waks_Phase2_60_Both.mp4,148,7,804,60,245
Waks_Phase2_100_Both.mp4,144,1,673,37,245
Waks_Phase2_100_Both.mp4,144,2,699,44,245
Waks_Phase2_100_Both.mp4,144,3,716,50,245
Waks_Phase2_100_Both.mp4,144,4,735,50,245
Waks_Phase2_100_Both.mp4,144,5,753,52,245
Waks_Phase2_100_Both.mp4,144,6,779,56,245
Waks_Phase2_100_Both.mp4,144,7,803,61,245
Waks_Phase2_140_Both.mp4,119,1,668,41,245
Waks_Phase2_140_Both.mp4,119,2,697,44,245
Waks_Phase2_140_Both.mp4,119,3,713,50,245
Waks_Phase2_140_Both.mp4,119,4,733,51,245
Waks_Phase2_140_Both.mp4,119,5,755,53,245
Waks_Phase2_140_Both.mp4,119,6,776,57,245
Waks_Phase2_140_Both.mp4,119,7,802,60,245
